-2.1504975131751207,-2.0044579387460986,-2.2889677067300895,-2.3848200403050224,-2.2114496598242286,-2.282509645413278,-2.1796340614511522,-2.26444747630568,-2.216325288380739,-2.3626165983777896
4.021619761366121,3.748512894296042,4.280571219505057,4.45982352578132,4.135605644149041,4.268494076028868,4.076107672934026,4.234716228916176,4.144723498985799,4.418301133740482
1.9792040968676539,1.8447970016518265,2.106644734533592,2.194862149407851,2.0353012267744344,2.100701076688025,2.0060198338602353,2.084077612174786,2.0397884972570695,2.174427276566701
1.293425203386476,1.205589125873677,1.3767086469452487,1.4343594106823236,1.3300851121719859,1.372824420518106,1.3109494951603664,1.3619608577339284,1.3330175781798308,1.421005063041991
-0.8652334604208163,-0.8064757424660333,-0.9209457056109133,-0.9595110356149459,-0.8897570120372141,-0.9183473623407998,-0.8769562902939687,-0.9110802099800425,-0.8917186776247494,-0.9505776791361521
0.7549871169707495,0.7037161917144766,0.803600617603956,0.8372520292132679,0.7763859259393056,0.8013333501158849,0.7652162469495708,0.7949921639962833,0.778097639961176,0.8294569434227622
-5.178717252047091,-4.827032277317431,-5.512174033961084,-5.743000682442334,-5.325499069494996,-5.496622063614107,-5.248882385602352,-5.453125679082694,-5.337240306843787,-5.6895314981912835
-5.8707696859951,-5.472087659505488,-6.248787614291204,-6.510460539200921,-6.0371665372593375,-6.231157372741631,-5.95031126338614,-6.18184839460492,-6.050476802513943,-6.449846056741607
3.9891189881504423,3.7182192378335572,4.245977726660414,4.423781403056091,4.102183692516221,4.233998184778733,4.043166554941381,4.200493313783593,4.111227861288696,4.382594574774923
4.23355359022634,3.946054366976244,4.506151433968296,4.694850090186963,4.353546372220933,4.493437841645504,4.290912939774565,4.457879948458336,4.363144725464108,4.651139525208149
8.52310391299605,7.944302746920528,9.07190522120085,9.451798429333934,8.764676607885384,9.046309875313463,8.63858129769481,8.974723768724168,8.78400027070002,9.363799144697435
1.4859098887739914,1.3850022399778603,1.5815873906744653,1.6478176138895426,1.5280254443108081,1.5771251222392926,1.50604210698994,1.5646448680073024,1.531394313440729,1.6324759016939387
-0.3950239067208379,-0.36819796394556575,-0.42045943337797576,-0.4380665047859192,-0.40622017872061467,-0.41927315504211154,-0.40037598597591456,-0.41595532344220354,-0.4071157807049521,-0.43398796467182477
2.841643250896739,2.648668198148436,3.024616208807711,3.1512744053957915,2.9221847326199044,3.0160825991465225,2.880143958410122,2.992215451834466,2.9286273334118627,3.121935026711255
4.785327618931901,4.460357603997804,5.093454104806837,5.306746524995677,4.920959485049486,5.079083504982957,4.850162815592872,5.038891225680668,4.931808825654709,5.257339007321842
-1.124774042282608,-1.0483910093065607,-1.197198064345541,-1.2473316804212546,-1.1566538244968632,-1.193820306553162,-1.1400133220222102,-1.1843732558892672,-1.159203922977134,-1.2357186211286595
0.7124182802716629,0.6640381906277942,0.7582907802661709,0.7900448065912963,0.7326105489111701,0.7561513493163444,0.7220706558213631,0.7501677016372489,0.7342257504588081,0.7826892352330407
-4.599872682006556,-4.287496850464166,-4.896057753927536,-5.1010840457584585,-4.730248147480559,-4.882244085393661,-4.662195196513909,-4.843609454222591,-4.74067702287674,-5.053591311941341
8.304289775532268,7.740348205117045,8.83900167615508,9.209141864083959,8.53966056071751,8.814063441056277,8.41680250268521,8.744315168702917,8.558488126024171,9.123401790148366
-1.3540746535638533,-1.2621198919609797,-1.4412633055935085,-1.5016173467321718,-1.3924535665140976,-1.4371969455597577,-1.3724206694374839,-1.4258239840812428,-1.3955235375362052,-1.4876368060659546
2.625692461541056,2.4473825554306368,2.7947603824002627,2.911793184413239,2.7001131902286306,2.7868752847371248,2.661267306289772,2.7648219222131765,2.706066185322869,2.8846834529527623
-0.25262297565330805,-0.23546743298033312,-0.26888932896031476,-0.2801492823351325,-0.25978313862239705,-0.2681306883867688,-0.2560457006184208,-0.26600889151011126,-0.2603558878520892,-0.27754100237431467
3.687835150199328,3.4373954856101223,3.9252942702021953,4.08966907315854,3.79236048329809,3.914219500117428,3.7378006982781002,3.883245131760453,3.800721578467861,4.051592938174425
-6.228744561806263,-5.8057525799693614,-6.629812435539505,-6.907441076276598,-6.405287594125564,-6.611107175914487,-6.313136250479357,-6.558791543408932,-6.419409463446821,-6.843130577282604
-3.256958710781508,-3.0357797225979053,-3.4666737652372492,-3.611843471722835,-3.3492715936160207,-3.4568929405993756,-3.3010864226846093,-3.4295375316067176,-3.3566558015959753,-3.5782160468357156
5.938071296263237,5.53481883969327,6.320422764562665,6.585095468062236,6.1063756957081425,6.302590412606935,6.018524726192875,6.252716163848689,6.119838547818074,6.523786110400303
-3.399395339964171,-3.168543527431086,-3.618281866366011,-3.76980028202706,-3.495745343630936,-3.608073296762433,-3.4454528898219916,-3.5795215532157223,-3.5034524853006443,-3.7347022284110105
4.8915694771299405,4.559384612765544,5.2065368593919645,5.424564709391454,5.030212585660728,5.191847209473651,4.957844117924818,5.150762597863456,5.041302798824303,5.374060266511107
1.1560718084208115,1.0775633545040753,1.2305110886779271,1.2820397140022681,1.188838671889408,1.2270393419869043,1.171735133697984,1.217329419340496,1.1914597289647961,1.2701035117491977
-5.068974460771119,-4.724742082678471,-5.395364921772788,-5.6213000962707484,-5.212645807889922,-5.380142515013212,-5.1376527169334185,-5.3375678673553475,-5.224138235331359,-5.568963983635964
-3.4660188077237275,-3.230642617543618,-3.689195208640395,-3.843683176610378,-3.5642571387902096,-3.6787865651295952,-3.5129790221383774,-3.649675246724585,-3.572115329824055,-3.8078972494728167
-1.1771690215189403,-1.0972278628426713,-1.2529667479789788,-1.3054357218017458,-1.2105338491417692,-1.2494316452064136,-1.19311818761395,-1.2395445256888893,-1.213202738020735,-1.2932816951880426
5.787155176294314,5.3941513834869,6.159789179581745,6.417735224629273,5.9511821183510065,6.142410036965009,5.865563881787783,6.093803342557904,5.96430281198847,6.357984044684396
0.5943123606800639,0.55395280494941,0.6325800392573687,0.6590698288500583,0.6111571205282467,0.6307952868253865,0.6023645489211142,0.6258036184809345,0.6125045512039233,0.6529336766777578
-4.389060746045125,-4.091001083307279,-4.671671670868778,-4.8673016179545625,-4.513461110428623,-4.658491082075947,-4.448527022816015,-4.621627074127599,-4.523412030984712,-4.82198547376334
0.21217786567649247,0.1977689370370433,0.22583996477137835,0.23529719196343077,0.21819168169124042,0.22520278306890537,0.21505261005006804,0.223420687313268,0.21867273338026308,0.2331064993958133
-3.118142346845997,-2.9063903319970414,-3.3189190376603093,-3.4579013980364075,-3.206520719028879,-3.3095550861341607,-3.1603892708548877,-3.2833656048512267,-3.213590201219118,-3.4257072233885046
3.5326477361469557,3.292746797487959,3.760114363189717,3.917572126862247,3.6327745493862587,3.7495056293730253,3.5805106891035905,3.7198346902452464,3.6407838021647096,3.881098269822951
3.7775606164725617,3.5210277251626976,4.0207971450078945,4.189171206401275,3.8846290633135796,4.009452924454423,3.8287418322578253,3.9777249460443524,3.893193584919758,4.15016867454035
-4.66881043303297,-4.351753061632798,-4.969434395801016,-5.177533392560361,-4.801139820278322,-4.955413703441053,-4.7320669677372855,-4.916200059595331,-4.811724992003825,-5.12932889072578
4.708438567675157,4.388690062766061,5.011614179743194,5.221479488324525,4.841891146116658,4.997474481933644,4.772232013978307,4.957927998796111,4.852566163128528,5.172865834198059
-1.0428981883483528,-0.9720753175167935,-1.1100502371714678,-1.1565344690395938,-1.0724573405570177,-1.1069183570338335,-1.0570281527987342,-1.0981589870161748,-1.0748218093171495,-1.1457667610003404
-5.449983395316883,-5.079876826571226,-5.800906961141738,-6.043824529372016,-5.6044537841973145,-5.784540363772094,-5.5238238454119735,-5.738765597181234,-5.616810038743957,-5.987554578311418
-5.540247963973504,-5.164011558242743,-5.896983651047725,-6.1439245066763215,-5.697276746524362,-5.880345984255516,-5.6153113859372725,-5.833813079655424,-5.709837649765498,-6.086722592618336
-2.3086029392569647,-2.151826477666506,-2.4572535161034823,-2.5601529510807453,-2.374036311788698,-2.4503206555693264,-2.3398816180639614,-2.4309305486588597,-2.379270398481347,-2.5363171033381686
-3.566420244584975,-3.324225826054706,-3.7960614780858224,-3.9550245556332255,-3.6675042813850633,-3.785351323584392,-3.6147407727382688,-3.7553967269518456,-3.6755901035180725,-3.9182020044311847
-10.774429324293845,-10.04274139459601,-11.468193118410735,-11.948432777998592,-11.079811958875547,-11.435836919529477,-10.920409349023322,-11.345341783729051,-11.104239848222912,-11.837189024246083
-10.475437948109391,-9.764054423819333,-11.149949734968478,-11.616862701104946,-10.772346187302878,-11.118491423496422,-10.61736701411283,-11.030507535798018,-10.796096200538814,-11.508705971456015
-2.641141785511289,-2.4617827209228866,-2.8112044858888847,-2.9289258977447594,-2.7160003986672225,-2.803272993063282,-2.6769259492529045,-2.781089870657986,-2.721988420616719,-2.901656655210456
-5.741208109979136,-5.351324567239357,-6.110883588959069,-6.366781673708922,-5.903932761609088,-6.093642427888358,-5.818994290262681,-6.045421645893008,-5.916949283617781,-6.307504887718191
1.7819847883814846,1.6609707911367315,1.896726506075859,1.9761534290622567,1.8324920768031032,1.8913751085697066,1.8061284507181,1.8764081019130041,1.8365322097808299,1.95775480478037
4.707592790460177,4.387901722001847,5.01071394306758,5.22054155352592,4.841021396803814,4.996576785173135,4.771374777541215,4.9570374057736855,4.851694496261484,5.171936631874225
-0.8803000115966869,-0.8205191291377105,-0.9369823896256951,-0.9762192684598406,-0.9052505986461143,-0.9343388006806946,-0.8922269743707142,-0.9269451033722963,-0.9072464232627632,-0.967130352957134
4.94648900409493,4.610574572829539,5.264992645981622,5.485468378290287,5.086688711989801,5.2501380697286075,5.013507735705495,5.2085921854234805,5.097903439230857,5.434396902655813
-7.0062350868535805,-6.5304439807652575,-7.45736545209443,-7.769648530096205,-7.204814748469423,-7.4363253460195855,-7.10116079850434,-7.37747951979982,-7.220699351754851,-7.697310602278835
8.878541580777993,8.275602760312772,9.450229463997626,9.845965299098934,9.130188543932476,9.423566719408878,8.998834700767306,9.348995268626737,9.15031805843142,9.754296194075758
11.190009055490895,10.430099243780402,11.910531962540405,12.409294911170745,11.507170581498944,11.876927755061303,11.341619665155429,11.782942137948256,11.532540677192754,12.293760382669028
-3.7002304690933125,-3.448949042500153,-3.938487721712428,-4.10341501088841,-3.8051071261486746,-3.9273757278090007,-3.750363958220673,-3.8962972503588342,-3.813496324104148,-4.065210896801067
-6.049171918618703,-5.638374655552478,-6.438677138358154,-6.708301837314195,-6.220625273775078,-6.420511145174235,-6.131130622852043,-6.369703755030497,-6.234340014279991,-6.64584538871101
-1.0088328626627183,-0.9403233568248115,-1.0737914505716477,-1.1187573170657361,-1.0374264919102452,-1.0707618704649167,-1.0225012846094244,-1.0622886173432178,-1.0397137274377497,-1.1083413264667308
5.457070074388101,5.086482251611999,5.80844995035358,6.051683387224539,5.611741322976277,5.7920620713001885,5.53100654011009,5.7462277832288295,5.624113644509575,5.9953402676686265
0.8587790923398257,0.8004596883853993,0.9140757417935993,0.9523533866277938,0.8831197060140084,0.9114967813428442,0.8704144736081645,0.9042838396412703,0.8850667381964187,0.9434866701641526
4.788446077765225,4.463264289323786,5.09677336070949,5.310204777365192,4.924166331225256,5.082393395983655,4.853323525638201,5.042174924541894,4.935022742030211,5.260765062249052
-0.6302260321822765,-0.5874275909052621,-0.6708061863675343,-0.6988967261120563,-0.6480887031690211,-0.668913583221356,-0.6387648056981682,-0.6636202736036758,-0.6495175576646617,-0.6923897727113387
-0.2756628532759625,-0.2569426801385044,-0.29341274064629463,-0.30569963128650424,-0.28347604187797143,-0.29258491006368914,-0.279397739730458,-0.2902695997496576,-0.28410102733885517,-0.3028534693557372
2.925966975511361,2.727265526530771,3.114369524666744,3.244786212362358,3.0088984679168087,3.1055826862616547,2.9656101638962613,3.081007298477595,3.015532248264755,3.214576208666121
4.752744682551511,4.4299873640439325,5.058773158324347,5.2706132864423285,4.887453041478621,5.044500406835438,4.817138421227525,5.00458179374449,4.898228509738445,5.221542180845843
-6.705001703472976,-6.249667256759146,-7.136735698968508,-7.435592152400477,-6.895043423869668,-7.116600213172749,-6.795846080007815,-7.060284465819916,-6.910245067943477,-7.366364396947157
10.132063793067113,9.443998694008926,10.784465772582001,11.23607380865067,10.419239683478319,10.754038632424624,10.26934056927071,10.66893876668744,10.442211195541555,11.131462346115086
-1.8083561904428123,-1.6855513200114882,-1.9247959585303522,-2.005398312044678,-1.8596109308172637,-1.919365366265555,-1.832857152252949,-1.9041768644800658,-1.8637108532902948,-1.9867274084922408
-3.8331113197879945,-3.572805998600059,-4.079924749293022,-4.250774825893065,-3.9417542555992147,-4.068413706947846,-3.8850451780380832,-4.036219154551438,-3.9504447222919423,-4.211198744512774
0.20110698906087662,0.18744987998857207,0.21405623616760835,0.22302001040199598,0.2068070201533568,0.21345230091140016,0.20383173692016074,0.21176319017173031,0.20726297184489403,0.22094362234508483
1.463507596784156,1.364121280223187,1.5577426186590067,1.6229743231817826,1.504988197954239,1.553347625528465,1.4833362919976103,1.5410555296104644,1.5083062763932207,1.6078639100163732
9.856814869525044,9.187441833773073,10.491493614539468,10.930833209713015,10.136189303459338,10.461893061911132,9.990362367503682,10.3791050298651,10.158536768527146,10.82906363536933
0.5220496007324175,0.48659738511500056,0.55566429166595,0.5789331734784116,0.5368461971604551,0.5540965482431878,0.5291227190694692,0.549711819540544,0.5380297930147407,0.5735431193528046
-0.4221586108302097,-0.39348995927889285,-0.44934133677823823,-0.46815786074021337,-0.4341239692641823,-0.4480735714460495,-0.4278783313456899,-0.4445278336935859,-0.435081091309537,-0.4637991604198346
-0.8860423205398896,-0.8258714797809534,-0.9430944449303544,-0.9825872709157718,-0.9111556634421681,-0.940433611518421,-0.8980470844091122,-0.9329916841820574,-0.9131645070766452,-0.9734390672611988
-1.7573050906683387,-1.6379670835277287,-1.8704576865440274,-1.9487845819306548,-1.8071128755820243,-1.8651804035160995,-1.7811143740068618,-1.8504206832528423,-1.811097054512747,-1.9306407704219046
-0.10540252163179602,-0.09824467126993895,-0.11218937327060007,-0.11688739203192997,-0.10838997449622725,-0.1118728437496523,-0.10683059380631624,-0.11098756108440062,-0.10862894410267762,-0.11579913280182273
6.704933354319768,6.249603549174314,7.136662948824172,7.4355163557862936,6.894973137477479,7.116527668284648,6.795776804809172,7.060212495000819,6.910174626589435,7.366289306023839
0.9655489134795842,0.8999788063062122,1.0277204547704673,1.0707570618675446,0.9929157337668593,1.0248208587237713,0.9786308921185324,1.0167111503190511,0.9951048355102587,1.0607879690892439
-3.317049220988612,-3.0917895061433396,-3.5306334938592636,-3.6784815645809252,-3.41106526579747,-3.520672214141996,-3.361991084054807,-3.4928121010283273,-3.418585711557634,-3.6442337176074804
-1.1396880009389208,-1.0622921659661837,-1.2130723304326496,-1.263870693959262,-1.1719904936141594,-1.209649785209042,-1.1551293461418466,-1.200077471232047,-1.174574405164322,-1.25210365112895
3.218640188441527,3.0000633984288103,3.42588791932556,3.569349686246962,3.3098669987841003,3.416222167300105,3.2622487323524845,3.3891885980799725,3.3171643306432412,3.536117892175642
3.527775294166264,3.2882052414296794,3.754928185443224,3.9121687738197135,3.6277640064329657,3.7443340838355357,3.575572231635727,3.7147040686662733,3.635762212364295,3.8757452237358536
1.4163296122433373,1.3201471369993425,1.5075268511815059,1.5706557307142996,1.4564730347304764,1.5032735361115537,1.4355191048463642,1.4913776911679026,1.4596841507910985,1.5560324204790625
0.5121768123363178,0.47739505451155645,0.545155795991995,0.5679846262345943,0.5266935815883332,0.5436177010912328,0.5191161667541093,0.5393158945833282,0.5278547937622188,0.5626965066066881
4.456776060542785,4.154117873207267,4.743747163719437,4.942395329088944,4.583095698840511,4.730363222144082,4.517159795026505,4.692930468845351,4.5932001442061186,4.896380038284519
-5.436431468138614,-5.067245206282726,-5.786482427523366,-6.028795956996793,-5.5905177509934925,-5.77015652733014,-5.5100883065912605,-5.724495584261012,-5.602843280481053,-5.972665926780677
-0.6999567229155514,-0.652422893507679,-0.745026825209748,-0.7762254129234624,-0.7197957901833794,-0.7429248169962958,-0.7094402599684497,-0.7370458347515617,-0.7213827387688393,-0.7689985045668534
5.953142611635557,5.548866667026392,6.33646451953975,6.601808984219991,6.121874181546431,6.318586907601991,6.0338002390149645,6.268586073881306,6.135371203486909,6.540344018344801
-1.8828921735036341,-1.7550255891297635,-2.004131301710407,-2.0880558854844335,-1.9362595078905525,-1.998476873823403,-1.908403004544239,-1.9826623394466658,-1.940528419058187,-2.068615413326945
-2.988221031951839,-2.7852919306008808,-3.18063210992071,-3.3138235957957067,-3.072917008321772,-3.1716583191888916,-3.028707684841928,-3.14656005551766,-3.0796919316626683,-3.2829708318458803
-2.9663707475779457,-2.764925491807634,-3.1573748892039712,-3.289592460562125,-3.0504474152858947,-3.1484667160678077,-3.0065613564774667,-3.123551974362536,-3.0571727994528053,-3.2589652962780593
-0.1448724044198552,-0.13503416738011684,-0.15420071554688022,-0.16065799250217988,-0.1489785631043034,-0.15376565581529464,-0.1468352440787636,-0.15254886302589396,-0.14930701920700143,-0.15916221489784046
2.242393090362092,2.090112917698441,2.3867804255468306,2.4867287441041332,2.3059498588081517,2.3800463967998873,2.2727747086299086,2.3612123907358535,2.3110338338973153,2.4635764993538607
6.519721008320054,6.07696891229683,6.939524809261701,7.230122900669075,6.70451126665598,6.919945731498403,6.608055063459093,6.8651861688087585,6.719292840563365,7.16280813006222
2.750938509027621,2.5641231852816104,2.928071003005936,3.0506862927219087,2.8289091211290818,2.919809784631474,2.788210280876516,2.8967044723722193,2.8351460752616235,3.0222834217321157
0.43210658350586445,0.4027623684223494,0.45992985783557583,0.4791897844936524,0.4443539000847188,0.45863221819889544,0.4379610865934412,0.45500292677401677,0.44533357626899234,0.47472837341344054
3.64528486190528,3.3977347733124303,3.8800041755983052,4.042482420013064,3.7486041803975736,3.86905718634991,3.6946739068625902,3.838440200644175,3.7568688051462336,4.004845607952754
-5.61840815792427,-5.236863919288832,-5.980176567481709,-6.230601192301831,-5.777652256500665,-5.963304181364332,-5.694530552637536,-5.916114804188953,-5.7903903652820405,-6.172592290411133
-4.261090864319351,-3.9717215938988484,-4.535461828769549,-4.725387880958655,-4.381864142900687,-4.522665540510816,-4.318823309447126,-4.4868763599595,-4.391524928915402,-4.6813929993217585
9.561934924494857,8.912587088221626,10.177626396650956,10.603822553767762,9.832951494472903,10.148911384579833,9.691487168490934,10.068600068456952,9.854630404905368,10.505097553851563
-4.396183022772844,-4.09763968857948,-4.679252549864573,-4.875199952255718,-4.520785255818323,-4.6660505724862915,-4.4557457974743,-4.629126744070402,-4.530752324068418,-4.829810272030742
-3.915795771873904,-3.6498753769086014,-4.167933240125397,-4.342468741904611,-4.026782256012089,-4.156173891861127,-3.968849900905577,-4.123284867349781,-4.035660185686428,-4.302038960662345
-10.346909554806652,-9.644254351170298,-11.013145418820491,-11.474329595989184,-10.640174878149663,-10.982073085123261,-10.487097222034524,-10.895168715797109,-10.663633490581423,-11.36749989541107
0.5909312213791298,0.5508012776994402,0.6289811889334884,0.6553202738217314,0.6076801486596166,0.627206590247229,0.5989375994167898,0.6222433203126592,0.60901991358389,0.6492190312132207
-2.694479964429867,-2.511498721762966,-2.8679771016824063,-2.9880759117387723,-2.7708503563642095,-2.8598854313965316,-2.7309867937014327,-2.8372543181418544,-2.7769593071437537,-2.9602559635417713
-10.333401635741119,-9.631663750418157,-10.99876772699025,-11.459349826939025,-10.626284100392702,-10.967735958310671,-10.473406287581364,-10.880945042879238,-10.649712087540996,-11.352659592830733
-3.9584162813935113,-3.689601541731664,-4.213298077488415,-4.389733267721383,-4.070610770437809,-4.201410737509603,-4.012047864956314,-4.168163740554356,-4.079585329739494,-4.348863438535687
1.230401326787018,1.146845179876818,1.3096266729344495,1.3644683259397117,1.2652749323820565,1.305931710645958,1.2470717239565983,1.2955974895187605,1.268064510053315,1.351764686786849
-1.0555483233641894,-0.9838663860501698,-1.123514912373195,-1.170562988167611,-1.085466021853374,-1.12034504319019,-1.0698496813025096,-1.1114794238620855,-1.08785917112076,-1.1596646701013875
-8.187996875483728,-7.6319527174245545,-8.71522069472996,-9.08017745613565,-8.420071538792712,-8.690631693552433,-8.29893397947242,-8.621860172864126,-8.438635443722685,-8.995638082334306
9.248496949351818,8.620434582240652,9.844006200036082,10.25623174748494,9.51062965998603,9.816232459298725,9.373802501297174,9.738553729206329,9.531597940839553,10.160742929817843
-0.6373572159277472,-0.5940744983225889,-0.678396545902543,-0.7068049379575039,-0.6554220080305468,-0.6764825274226535,-0.6459926080531433,-0.6711293225268069,-0.6568670304142679,-0.700224356559918
9.191961016232758,8.56773798562957,9.783829927156642,10.193535545571823,9.452491313255557,9.75622596690982,9.316500577083232,9.679022085813248,9.473331415300084,10.09863044971799
2.545943328998134,2.3730491600863393,2.709876215870366,2.823354426256064,2.6181037059335606,2.702230609201647,2.5804376728692286,2.6808470648520273,2.6238758930307653,2.7970680880905414
-2.767797578440278,-2.5798373608698335,-2.94601562522227,-3.0693823601899592,-2.846246031815635,-2.937703778142894,-2.80529776956742,-2.914456865458221,-2.8525212089918033,-3.040805422796295
-3.0187668092235356,-2.813763354246947,-3.213144724942827,-3.3476977022933605,-3.1043285530190845,-3.2040792035759424,-3.059667319143754,-3.1787243839258164,-3.1111727300387377,-3.316529559512535
-3.8809374437205544,-3.6173842662840485,-4.130830389754828,-4.303812180321846,-3.9909359286090176,-4.119175722951121,-3.9335192860581767,-4.086579475815269,-3.9997348271479396,-4.263742304106249
-3.0554912976677295,-2.8479938948345853,-3.252233897369179,-3.3884237647394198,-3.142093933811003,-3.2430580903606008,-3.096889378416983,-3.21739481933278,-3.1490213729425562,-3.356876449212993
2.2572946682302457,2.1040025343451316,2.4026415136487964,2.5032540278184436,2.321273796225181,2.3958627346508057,2.287878184217211,2.3769035692607203,2.3263915563143946,2.47994792735953
-1.01675871492452,-0.9477109670825147,-1.0822276472026275,-1.12754678610471,-1.0455769887979633,-1.0791742653292906,-1.0305345222439786,-1.0706344424566403,-1.047882193893619,-1.117048962720807
2.5026027843526375,2.3326518574844957,2.6637449804339837,2.775291408840289,2.573534748226946,2.6562295277845593,2.5365099181183317,2.6352100035009047,2.5792086732262716,2.7494525528319116
3.5444221611067936,3.3037216251454304,3.77264694150393,3.9306295168081813,3.64488270013395,3.762002848446926,3.5924446427767434,3.732233015154671,3.652918648001429,3.894034091267076
-0.8803376039486975,-0.820554168605537,-0.9370224025432854,-0.97626095695001,-0.9052892564885702,-0.9343787007064014,-0.8922650760520185,-0.9269846876573827,-0.9072851663349596,-0.9671716533140459
-1.3428820841305167,-1.2516874062137657,-1.429350048390799,-1.4892052124592439,-1.3809437629852543,-1.425317300253482,-1.3610764547045693,-1.4140383458968606,-1.3839883581067551,-1.4753402327569
-1.2064323112291508,-1.1245038922331234,-1.2841142962690772,-1.3378875983180425,-1.2406265563774241,-1.2804913142415386,-1.222777958253868,-1.2703584104419345,-1.2433617912670663,-1.3254314342920894
-2.2430629729431435,-2.0907373087751067,-2.3874934417609555,-2.4874716184363077,-2.3066387280567384,-2.3807574013200865,-2.273453667281052,-2.3619177688684903,-2.3117242219101053,-2.4643124572869715
-0.3619064472243772,-0.33732950016353985,-0.38520954592080897,-0.40134050040447733,-0.37216406189695106,-0.38412272112198664,-0.366809826375647,-0.38108304522799064,-0.3729845796599624,-0.3976038912083228
0.8073787923087197,0.7525499657188695,0.8593657846015407,0.8953524066959974,0.8302625530425429,0.8569411820550702,0.8183177638792634,0.8501599548314973,0.8320930499724783,0.8870163876964504
-1.5856619590120051,-1.4779801801381949,-1.6877624808828544,-1.7584388699979918,-1.630604815104367,-1.6830006515404365,-1.6071456928620418,-1.6696825731536011,-1.634199843083226,-1.7420672383139526
-1.5469758480208362,-1.4419212301415634,-1.6465853773450692,-1.7155374426733974,-1.5908222129543057,-1.641939724503837,-1.56793543351283,-1.6289465732906239,-1.5943295314118402,-1.6995652370819343
3.3929279472610303,3.1625153332260822,3.6113980392731944,3.762628189228775,3.4890946438251067,3.6012088916026253,3.438897872046718,3.57271146810975,3.496787122560143,3.727596910104408
-0.8910486102724566,-0.8305377940345752,-0.9484230888642231,-0.9881390560299853,-0.9163038478312402,-0.9457472212911877,-0.9031212030982734,-0.9382632458002934,-0.9183240417737426,-0.9789391634696282
6.173905653519481,5.754637763795818,6.571442458651952,6.84662681042903,6.348894371472226,6.552901883259346,6.257554343659021,6.5010468463271796,6.362891909495442,6.78288251181799
4.505596978605956,4.199623378881678,4.795711652948035,4.996535872414305,4.633300361706501,4.782181099493121,4.566642175391918,4.744338296114051,4.643515494325084,4.950016515730982
-5.989592040602186,-5.5828408273345556,-6.375260921452432,-6.6422300161555015,-6.159356706773825,-6.357273849891588,-6.070743512099158,-6.306966875035734,-6.172936367208721,-6.580388717466913
-5.75888264104505,-5.367798826749836,-6.1296961802750864,-6.386382057169375,-5.9221082468044,-6.1124019416236415,-5.836908289091056,-6.064032710087173,-5.935164840679188,-6.326922785301907
-4.16938295508987,-3.88624153843511,-4.437848861820295,-4.623687293794511,-4.287556930999154,-4.425327977414582,-4.225872872891671,-4.390309057584267,-4.297009795963805,-4.580639277347818
-0.9986848530969049,-0.9308644952302062,-1.062990012280543,-1.1075035600009224,-1.026990854498567,-1.0599909071999944,-1.0122157822221554,-1.0516028878736199,-1.0292550823615996,-1.0971923455012578
9.574692656445402,8.924478446817483,10.191205596936943,10.617970393808545,9.846070822353694,10.162452272700985,9.704417751733143,10.082033803553973,9.867778657238214,10.519113672949285
5.609179243667429,5.2282617375449325,5.970353404900644,6.220366677016351,5.7681617645708645,5.953508733716112,5.685176598149708,5.906396870794511,5.780878949469456,6.1624530617560715
10.080021359169873,9.395490444574603,10.729072334626085,11.178360726657314,10.365722196462698,10.698801480736016,10.216593025565922,10.614138722801126,10.388575717421407,11.074286591485146
-4.129181233660488,-3.8487699026035447,-4.395058557928732,-4.579105112075084,-4.246215761044444,-4.382658401485011,-4.185126468480779,-4.347977138539404,-4.25557748028127,-4.536472170085191
2.6449529342374185,2.465335055800295,2.815261033876599,2.933152316888689,2.7199195678372874,2.807318095963518,2.6807887342716423,2.7851029634710844,2.7259162304596742,2.905843725032241
-8.803783474353022,-8.2059214521545,-9.37065769496526,-9.763061399287265,-9.053311547791008,-9.344219453047298,-8.923063715618445,-9.270275900485052,-9.073271569995132,-9.67216415624692
-4.083995519583798,-3.8066527354159376,-4.346963342894341,-4.528995871861883,-4.1997493357583835,-4.334698881614348,-4.139328544563568,-4.3003971364333085,-4.2090086095115264,-4.486829463021785
-6.848000171506798,-6.38295474615304,-7.288941815662881,-7.594172020645228,-7.0420949370899155,-7.268376897668706,-6.940781998209209,-7.210860096840605,-7.0576207886599045,-7.523467835593073
2.587091006499384,2.4114025124259886,2.753673385795127,2.8689856373203835,2.66041764345509,2.7459042104067417,2.62214284987216,2.724175064025565,2.6662831209607836,2.8422744578973185
10.206108252969022,9.513014819143343,10.863277943504952,11.318186301581163,10.49538280601566,10.832628443796223,10.344388238879807,10.746906673802911,10.518522192387486,11.212810345315456
-0.764244360021865,-0.7123447784536048,-0.8134539330658602,-0.8475179600553264,-0.7859055495942399,-0.8111588655720313,-0.7745989140513581,-0.804739927263257,-0.7876382517262097,-0.8396272951454623
3.5252430331788167,3.285844945447857,3.752232872572705,3.9093605925904167,3.6251599728709794,3.7416463754828677,3.573005661683003,3.712037628939075,3.6331524376359474,3.8729631875773767
-3.633391091915298,-3.3866487053063166,-3.8673445676464,-4.029292680962863,-3.7363733019904934,-3.8564332960379524,-3.6826189911835887,-3.825916206883397,-3.7446109610699296,-3.9917786696171094
5.132924595255707,4.7843493846940195,5.463432795266928,5.692218365817534,5.27840849874877,5.448018342765755,5.202469295656725,5.40490657375042,5.290045914547541,5.639221981274241
4.336029157802755,4.041570852672049,4.615225387076443,4.808491601372455,4.458926433192294,4.602204055035362,4.394776922963417,4.565785462861276,4.468757120023655,4.763722997358625
-1.5597444945107317,-1.4538227620740165,-1.6601761949558609,-1.729697386523653,-1.6039527647282554,-1.6554921971728374,-1.5808770791727287,-1.6423918012635659,-1.6074890323833935,-1.7135933472987674
-3.559911930693092,-3.318159489605344,-3.7891340948954157,-3.947807082791306,-3.6608115005499053,-3.778443485215556,-3.6081442793433904,-3.7485435523365824,-3.668882566971331,-3.911051728583756
-2.7487145473309886,-2.5620502520877926,-2.925703840768635,-3.0482200036932032,-2.8266221250701005,-2.91744930107244,-2.785956187283919,-2.894362668012769,-2.8328540370153847,-3.0198400946478334
-6.250672025332212,-5.826190956703989,-6.6531518049616505,-6.931757800257613,-6.427836553823579,-6.634380695967773,-6.335360803676733,-6.581880893263518,-6.442008137300135,-6.8672209047390815
-3.015202028067672,-2.8104406561996407,-3.2093504080941244,-3.3437444954248465,-3.1006627342835658,-3.2002955919594696,-3.0560542396673362,-3.174970713139162,-3.1074988291972443,-3.3126131582719704
4.663540931812982,4.346841410496757,4.963825592233827,5.171689715906539,4.795720964125736,4.949820724473418,4.726726071374664,4.910651339512705,4.80629418878761,5.123539620581899
2.7517360116868606,2.564866529799188,2.928919856734827,3.0515706928722444,2.8297292276270793,2.9206562434163845,2.7890185886980903,2.8975442328801932,2.835967989865287,3.023159587832483
4.4477323277393035,4.145688297305516,4.734121106396125,4.932366172999819,4.573795637013296,4.720764323643609,4.5079935309688315,4.683407529247532,4.583879578341282,4.886444256865618
4.492966860791181,4.187850968187862,4.782268283851768,4.98252955160177,4.620312264964279,4.768775659329478,4.55384093529721,4.731038937135073,4.630498762458798,4.936140598271956
3.246009601435815,3.0255741636443543,3.455019644478586,3.599701325437556,3.3380121506315175,3.4452717006132247,3.2899889666186457,3.418008253905278,3.345371534685907,3.5661869478392734
-4.275949284658129,-3.9855709838297,-4.551276980435673,-4.741865304612531,-4.397143699562533,-4.538436071530307,-4.333883042774575,-4.502522094135848,-4.406838172730133,-4.697717012859557
-8.190402723400604,-7.634195185005593,-8.717781454812359,-9.082845450072373,-8.422545576323456,-8.693185228742326,-8.301372423615772,-8.624393501180188,-8.441114935814866,-8.998281236389012
-1.1952926884445143,-1.1141207575452186,-1.2722573949413747,-1.325534179866972,-1.2291712001788098,-1.2686678658085957,-1.2114874075304396,-1.2586285244285238,-1.2318811792089943,-1.3131930301416972
2.5788913558781754,2.4037596973648543,2.7449457609718344,2.8598925363029886,2.651985587865229,2.7372012095814604,2.6138321042533015,2.7155409326015443,2.6578324750445095,2.8332660165762382
0.07666245478779404,0.07145633285400796,0.08159873808402139,0.08501574979594996,0.07883531997739718,0.08136851655124411,0.07770113504722187,0.08072462358503638,0.07900912982906427,0.08422422581024369
4.503861559796659,4.198005811789396,4.793864490797047,4.99461135888691,4.6315157554412245,4.780339148899462,4.5648832438309865,4.742510921416349,4.641726953501664,4.948109920043769
-2.895090177190061,-2.6984855613650303,-3.081504574202178,-3.2105450160968614,-2.9771465199485996,-3.0728104605064193,-2.93431502362414,-3.048494408968676,-2.9837102961236943,-3.18065380895548
8.025524177554098,7.48051348664223,8.54228640556766,8.900001406802337,8.252993832184854,8.51818531876302,8.13425997994734,8.450778416879151,8.27118937745813,8.817139529994662
4.834962340476603,4.506621648028637,5.146284798193978,5.361789545463995,4.972001017254487,5.131765142594299,4.900470025457879,5.091155978023065,4.982962890175732,5.311869559558674
-2.924420404641617,-2.725823982776966,-3.1127233703441632,-3.2430711240252084,-3.0073080621605435,-3.103941176375743,-2.9640426389279746,-3.0793787783414577,-3.0139383361082026,-3.212877088353246
0.016139961093611512,0.015043901677140977,0.017179210626758985,0.017898603662627733,0.016597420481246926,0.017130741443346836,0.016358637354660907,0.016995180855679592,0.016634013155605785,0.017731961903381638
0.4617514335548523,0.4303940465152468,0.49148353507410575,0.512064796929394,0.47483898232951555,0.4900968703359449,0.468007587236906,0.48621858987877303,0.47588586960171964,0.5072973089053718
6.594489833826585,6.146660211607385,7.019107987575589,7.31303868753496,6.78139928569291,6.999304374951521,6.683836912919648,6.9439168240117155,6.796350376197519,7.244951944272971
8.272841734985066,7.711035790595916,8.805528701268354,9.174267181892601,8.50732117964677,8.780684906350437,8.384928380570381,8.71120076814417,8.526077445654735,9.088851802469666
-4.590619114480148,-4.2788716896460794,-4.886208350656793,-5.09082219093366,-4.720732303526748,-4.872422471090874,-4.652816254735588,-4.833865561238005,-4.731140199146015,-5.04342499828687
6.286892982476693,5.859952160635838,6.6917050237878195,6.971925465622476,6.465084131588692,6.672825141284204,6.3720725094317014,6.620021116394536,6.479337835566162,6.907014596214845
-1.4006636207839702,-1.305545017835441,-1.4908521290185137,-1.5532827413689712,-1.4403630177360949,-1.4866458597753125,-1.4196408588209481,-1.4748815945174054,-1.4435386157108518,-1.5388211792545619
0.6587534537766216,0.6140177247400673,0.7011704841105809,0.7305325528449959,0.6774246853749862,0.6991922115615142,0.6676787381307647,0.6936592982661345,0.6789182175140634,0.7237310597180878
4.766768124669455,4.443058478848598,5.073699567654521,5.286164750971833,4.901873953900651,5.059384703004116,4.831351863424874,5.019348306106652,4.912681216242744,5.2369488562366575
1.3447554487293234,1.2534335512426433,1.4313440386387901,1.491282702626362,1.3828702248757598,1.4273056646854123,1.362975201047711,1.4160109758171366,1.3859190673074195,1.4773983808220983
-3.291919358258395,-3.068366204074596,-3.5038855232563595,-3.6506135015480825,-3.385223140407557,-3.493999709887414,-3.336520743154249,-3.4663506641325785,-3.3926866115022785,-3.6166251152084454
0.027369091903436872,0.02551046592986608,0.029131383387186207,0.030351283113039827,0.028144821655799214,0.029049192511533022,0.02773990882493062,0.028819317720582223,0.02820687312306792,0.03006870290127203
-5.3374327698099115,-4.974969476794663,-5.681109218721959,-5.919010161713627,-5.4887131051379345,-5.665080617019044,-5.409748299874408,-5.620251170484877,-5.500814183828565,-5.863902272576842
-10.810333995554773,-10.076207791513985,-11.506409685755504,-11.988249694334941,-11.116734286178703,-11.473945663188267,-10.956800483617092,-11.383148961708226,-11.141243578940601,-11.876635232279643
-1.088749238189232,-1.0148126377370328,-1.158853628834306,-1.2073815413378115,-1.1196079594031134,-1.1555840554933554,-1.1035004269465523,-1.146439579512582,-1.1220763821025455,-1.1961404306946462
-4.39632171637416,-4.0977689635442305,-4.679400173924866,-4.875353758190324,-4.520927880450797,-4.666197780042134,-4.45588637020023,-4.629272786729627,-4.530895263148352,-4.829962645982608
5.3652563668448385,5.000903582562956,5.710724372753914,5.949865473749907,5.517325314090052,5.694612215271649,5.437948871806192,5.649549076528238,5.529489474706338,5.894470311729901
-3.6149710007541764,-3.369479516439959,-3.8477384097389775,-4.008865499682179,-3.7174311250836958,-3.8368824546688893,-3.663949330854367,-3.8065200770634013,-3.725627021956048,-3.9715416719669037
2.898481075793543,2.7016461851665423,3.0851138122285477,3.2143053938209376,2.9806335277303924,3.076409515479349,2.9377518646573413,3.052064983562704,2.987204991783275,3.1843791763529863
4.252312035237789,3.963538932194929,4.5261177322767665,4.715652493032905,4.372836493034955,4.513347807320548,4.309925538225071,4.4776323607282205,4.382477375604303,4.671748250990106
1.2014229387710256,1.119834704600816,1.278782371113441,1.332332394578304,1.2354752018882493,1.2751744325045975,1.217700715072078,1.265083602751537,1.2381990794806814,1.3199279512866384
-2.2507503230572743,-2.0979026134870558,-2.3956757791288297,-2.4959965976546985,-2.3145439628643545,-2.388916653156312,-2.2812451713625057,-2.370012454148884,-2.3196468855515193,-2.472758066205798
-1.211448535384716,-1.1291794662663652,-1.2894535143018644,-1.343450400329932,-1.2457849567635972,-1.2858154682796095,-1.2278621459650183,-1.2756404328856072,-1.2485315644846837,-1.3309424448273321
2.39486621766989,2.232231645390581,2.5490712733220526,2.6558156495220073,2.4627445741944176,2.5418793594581595,2.427313655873505,2.521764721636625,2.4681742378180007,2.63108915127602
-5.306268931735076,-4.945921964650057,-5.647938746059685,-5.884450649266687,-5.456665981768953,-5.632003731062135,-5.378162230819545,-5.587436031639928,-5.468696405507453,-5.82966452031083
1.395172127310113,1.3004264498660258,1.4850070391514627,1.5471928837395508,1.434715877341704,1.480817261162661,1.4140749624874143,1.4690991193172063,1.4378790249498667,1.5327880201591755
3.873928993772507,3.610851757852581,4.12337066682698,4.296040075594834,3.9837288362229306,4.111737046780697,3.926415880389884,4.079199664073829,3.9925118451370136,4.256042560175039
2.686021652195087,2.5036148107128366,2.858974160065299,2.978695964819012,2.762152307843022,2.850907890552368,2.7224138819280572,2.8283478192147418,2.768242081856065,2.9509633469459744
0.9720042479725143,0.905995761170071,1.0345914472268323,1.077915782568822,0.999554033593286,1.0316724654585905,0.985173688309948,1.0235085382777298,1.0017577709328689,1.0678800397973656
1.441779024990546,1.3438682885491766,1.5346149475762783,1.5988781625756263,1.48264376723202,1.5302852065318753,1.4613133252664776,1.5181756103079214,1.4859125824449437,1.583992092418765
-4.55531946910987,-4.245969231510749,-4.848635766723741,-5.051676225323866,-4.684432150530634,-4.834955893918056,-4.617038343375621,-4.7966954680928175,-4.6947600144558645,-5.00464349421271
-2.75341946675409,-2.566435661989928,-2.9307117092066437,-3.0534375805838945,-2.8314603973275534,-2.9224430403808213,-2.7907248524733212,-2.899316890395539,-2.8377029763112116,-3.0250090942188383
-5.72743759809956,-5.338489206264277,-6.096226396005169,-6.35151069920443,-5.889771948297227,-6.079026588532653,-5.805037205191688,-6.030921465966224,-5.902757249669511,-6.292376090900001
-0.11282406939586258,-0.10516222418145224,-0.12008879331727644,-0.12511760654247597,-0.11602187324415089,-0.11974997648363371,-0.11435269424872162,-0.1188023597538535,-0.11627766905476586,-0.12395272136707929
6.071221653299513,5.658927000048304,6.462146651955413,6.73275415536062,6.2432999701931635,6.443914442215692,6.153479103825309,6.392921854909836,6.257064702067707,6.670070047808519
2.893676254694251,2.6971676578779844,3.079999609461275,3.2089770297668205,2.9756925222558706,3.071309741851884,2.932881944249141,3.047005565941557,2.9822530927723427,3.1791004210826954
2.0023147595590234,1.8663382268881221,2.131243489127627,2.2204909963111583,2.0590669213795323,2.125230428701579,2.029443617090026,2.1084128562225493,2.063606588577944,2.199817510658869
-1.2005052560175926,-1.1189793413794684,-1.2778055989131654,-1.3313147192693946,-1.234531508998361,-1.2742004161556795,-1.216770598866533,-1.2641172940800185,-1.2372533060116662,-1.3189197508623078
0.6627100031084957,0.6177055861162035,0.7053817950259667,0.7349202157366292,0.6814933762804372,0.7033916407434723,0.6716888937513734,0.6978254961317683,0.6829958787460502,0.7280778720564031
1.1121920438740145,1.0366634502459788,1.1838059130563827,1.2333787222020205,1.1437152110224809,1.1804659396914272,1.1272608532913797,1.1711245660541623,1.1462367834754663,1.221895569440022
0.11561191332976209,0.10776074655641621,0.12305614607960425,0.128209219549268,0.1188887338108308,0.12270895719858338,0.11717830997676096,0.1217379251854693,0.11915085024791108,0.12701555046200472
-4.655460615387486,-4.339309825685597,-4.9552249855161685,-5.162728951978438,-4.78741162505375,-4.941244383386673,-4.718536276780429,-4.902142865531514,-4.797966529944841,-5.1146622842492295
-3.721512889274807,-3.4687861805703752,-3.961140513551548,-4.127016406306944,-3.826992759860063,-3.9499646073796058,-3.771934728544053,-3.9187073774919305,-3.8354302095223862,-4.088592555634146
-7.215073607032591,-6.725100346152422,-7.679651051441751,-8.001242514771505,-7.419572436668834,-7.657983791901085,-7.312828819107234,-7.597383917306679,-7.435930520647193,-7.926748372437932
1.2318287678951354,1.148175683931684,1.3111460267489605,1.3660513038972015,1.2667428318488658,1.307446777776971,1.2485185051041727,1.29710056747865,1.2695356458282752,1.3533329267102072
7.797397617029741,7.267878925346343,8.299470812018477,8.647017718176215,8.018401417370294,8.276054801716754,7.903042590206468,8.210563949718495,8.036079751920852,8.566511200910988
-3.9363082790145993,-3.66899488647783,-4.189766544345219,-4.365216333011473,-4.047876154824117,-4.177945595903286,-3.9896403268306035,-4.14488428550436,-4.056800590651086,-4.32457476437662
-0.8195689004622749,-0.7639122476619397,-0.872340811884338,-0.9088707735111078,-0.842798168807845,-0.8698796017782531,-0.8306730327328566,-0.862995989039905,-0.8446563032677268,-0.9004088941667728
-2.213431198165353,-2.0631178180160656,-2.3559536817082596,-2.454611105979567,-2.2761670916791714,-2.349306627103118,-2.243420419062335,-2.3307158738637583,-2.2811854040889874,-2.431757886774571
3.9805583165745193,3.7102399186312676,4.236865834800433,4.414287943515844,4.0933803834547335,4.224912001082381,4.034489896985972,4.191479031727084,4.102405143390629,4.373189502397661
4.98746610586269,4.648768933177308,5.308608256828485,5.530910427346687,5.128827239102581,5.293630624104036,5.055040025887356,5.251740570444081,5.140134870021188,5.47941587161383
5.948350721720302,5.544400192769443,6.331364080593401,6.596494960357687,6.116946473768075,6.3135008589623975,6.028943424992151,6.263540272638173,6.130432631489846,6.535079469754523
-3.2123502265313615,-2.9942005857503498,-3.4191929477663163,-3.562374357457127,-3.303398758741355,-3.4095460848395227,-3.2558735493352366,-3.3825653454204034,-3.3106818299386163,-3.529207505941259
-5.389629634631905,-5.0236216698007485,-5.736667031385361,-5.976894501735388,-5.542389400156782,-5.720481679650653,-5.462652366849588,-5.675213828238764,-5.55460882007921,-5.921247690767838
6.29030258304032,5.86313021635357,6.69533416799058,6.975706583109828,6.468590371405465,6.676444046270518,6.3755283058131855,6.623611383922964,6.482851805661988,6.910760510281755
-1.1812642431495162,-1.1010449793275972,-1.2573256602803706,-1.3099771670041953,-1.2147451427732927,-1.2537782593339017,-1.1972688943692515,-1.2438567437823567,-1.2174233163779582,-1.297780858074378
4.893580836192095,4.561259381099432,5.208677729544897,5.426795230175733,5.0322809532298765,5.193982039405622,4.959882728383478,5.1528805342592605,5.043375726565979,5.37627002042918
6.69990749405298,6.244918993414974,7.131313474212491,7.429942867693155,6.889804827861116,7.1111932866054515,6.790682850429562,7.054920325850349,6.904994922294543,7.360767708898203
0.38156321580502456,0.35565138409513264,0.4061320107105203,0.4231391099595066,0.392377967713905,0.4049861555636011,0.3867329195547613,0.40178138118609735,0.39324305149088923,0.41919954869436166
3.4540205310242973,3.219459139844109,3.6764243648086077,3.8303775435898233,3.5519187916110706,3.6660517527771033,3.500818183814886,3.637041208681953,3.559749780037078,3.794715496176972
-7.079575979751536,-6.598804317898121,-7.535428753445711,-7.850980793949266,-7.2802343626083506,-7.514168400669597,-7.175495368657646,-7.4547065794989384,-7.29628524506852,-7.777885636585535
9.698840017965862,9.04019500210271,10.32334678736153,10.755645101122132,9.97373692692739,10.294220641828122,9.830247154534804,10.212759450881014,9.995726229898867,10.655506584438857
-0.26158152093332043,-0.24381760641514186,-0.27842471354904264,-0.2900839686971777,-0.2689955984325704,-0.27763916997543575,-0.26512562296836,-0.27544212969169946,-0.2695886585619145,-0.28738319360969344
0.23552349870009692,0.21952917584807347,0.250688819400047,0.26118661203818183,0.24219900645778036,0.2499815294883701,0.23871454716584628,0.24800335223577077,0.24273298758956782,0.2587548806393553
0.1088939068868476,0.10149895770776719,0.11590556826808572,0.12075920563490375,0.1119803170505876,0.11557855392680241,0.11036928295937781,0.11466394688869738,0.1122272023591243,0.119634898574338
-3.766079308460679,-3.5103261089782514,-4.008576557395394,-4.17643887201451,-3.8728223374086865,-3.997266815836055,-3.8171049669002084,-3.965635269682063,-3.881360828483387,-4.137554882283547
0.6454752962249977,0.6016412824734695,0.6870373481016641,0.7158075805846524,0.6637701813261642,0.6850989505838945,0.6542206781723023,0.679677561401268,0.6652336090992795,0.7091431816874715
0.9184589627999037,0.8560867185931299,0.977598389640451,1.018536095607477,0.9444910995723441,0.9748402072838581,0.9309029315769998,0.9671260104513364,0.9465734385285973,1.0090531968279453
1.7012673433117362,1.5857348410488488,1.8108116775292207,1.8866408491010072,1.7494868348310608,1.8057026789128148,1.7243173853485916,1.7914136233506153,1.7533439644443203,1.869075615740589
-11.864041763588258,-11.05835861373684,-12.627965529732379,-13.156771576567271,-12.20030758533185,-12.592337165270175,-12.024784672369059,-12.492690303406501,-12.227205854436459,-13.034277799798764
6.12260262966988,5.706818711317502,6.516836041239285,6.789733706086802,6.2961372518080205,6.498449531625287,6.205556228082068,6.447025392142118,6.310018475124252,6.726519100583406
0.1826678404371241,0.17026292784556338,0.1944297936905604,0.2025716951192861,0.1878452456329853,0.19388123220331147,0.18514276092355447,0.19234699307758293,0.18825939191017696,0.2006856874572124
2.151659518187185,2.005541032382351,2.2902045330604524,2.386108659716452,2.2126445998661968,2.283742982179216,2.1808118101759737,2.265671053315606,2.217522862931598,2.3638932203278653
-1.602278332480867,-1.493468141183848,-1.7054487800020919,-1.7768657968848907,-1.6476921510487705,-1.7006370507839161,-1.6239871973830358,-1.6871794103907494,-1.6513248518286878,-1.760322604582391
-2.0378699193672385,-1.8994788475604691,-2.1690880400327197,-2.259920317725107,-2.095629830930068,-2.1629682055226453,-2.065480504788586,-2.1458520029335277,-2.1002501091272974,-2.2388797324034715
8.310437996340992,7.746078902285355,8.845545779925857,9.215960007377332,8.545983042251516,8.82058908138465,8.423034024186592,8.750789169723047,8.564824546863274,9.130156454333836
10.597910152136086,9.878209581001817,11.280307904774153,11.752679722400618,10.898289654929993,11.248481802593968,10.741498563134455,11.15946926285269,10.922317338319774,11.643258492582238
-4.675592017244103,-4.358074110704466,-4.976652645143159,-5.185053911804229,-4.8081136168090755,-4.962611587315952,-4.738940433922029,-4.923340984501392,-4.8187141638072495,-5.136779391515648
-3.272441233375651,-3.0502108322065027,-3.4831532050039056,-3.629013001066988,-3.3651929416363147,-3.4733258855062896,-3.316778714071432,-3.445840437794872,-3.372612251739767,-3.5952257223371182
5.5987523684327165,5.218542947956716,5.959255144824483,6.2088036685194075,5.757439357523396,5.942441786114945,5.674608451812946,5.89541749919964,5.770132902510601,6.150997708588808
-9.772853992429132,-9.109182712054535,-10.402126509893286,-10.837723786859378,-10.049848699968866,-10.372778096357962,-9.905263925665746,-10.290695257203918,-10.072005808132054,-10.736821091201827
9.640133693791322,8.985475404974451,10.260860372291022,10.690542017986091,9.913366673146612,10.231910525050862,9.770745433184517,10.150942412355848,9.93522287657771,10.591009631954718
-5.540999101013236,-5.164711685814692,-5.897783153682231,-6.144757489116151,-5.6980491732492595,-5.8811432311845255,-5.616072699943261,-5.834604017735364,-5.710611779475484,-6.087547819723627
-2.022223856570905,-1.8848953037106901,-2.152434529736211,-2.2425694285099524,-2.0795403074423358,-2.1463616812060256,-2.049622457434632,-2.1293768909205095,-2.084125112736156,-2.2216903855498216
1.875121250855933,1.7477823872673397,1.9958600105867899,2.0794382275014045,1.9282683318298992,1.9902289192043108,1.900526795626041,1.9744796533145748,1.9325196246872869,2.0600779885125995
7.679864153764909,7.158327120675024,8.174369387708465,8.516677572752574,7.897536670602361,8.151306336807016,7.783916695699336,8.086802656045313,7.914948532159425,8.437384564180155
1.6163331133920302,1.5065684665746564,1.7204085460254062,1.7924520149454501,1.6621452905081164,1.7155546095336287,1.6382324029750082,1.7019789221173744,1.6658098564219135,1.7757637099377048
-5.856673722364479,-5.458948948100073,-6.2337840137996645,-6.494828651069101,-6.022671047827311,-6.216196103197646,-5.936024317100435,-6.167005517980373,-6.0359493545781815,-6.434359706518092
2.5881515309120093,2.412391016976725,2.7548021972063585,2.8701617186024904,2.6615082266048806,2.747029837005323,2.623217743062501,2.72529178321032,2.667376108541679,2.843439589484267
-0.4728082007407766,-0.44069995230072756,-0.5032522457442458,-0.524326331669347,-0.48620913453023423,-0.5018323769312069,-0.47921415977201853,-0.4978612299640894,-0.4872810898108894,-0.5194446848115611
4.35009468840261,4.054681197743747,4.630196594959197,4.824089740429372,4.473390627021737,4.617133023362613,4.4090330238889015,4.580596293878103,4.483253203358774,4.779175912721985
-7.222660871628937,-6.732172362120979,-7.687726858801236,-8.009656502953128,-7.4273747492071145,-7.66603681429119,-7.320518881637474,-7.605373213765755,-7.4437500351044275,-7.935084023682256
0.33604013905543967,0.31321976442209815,0.35767771027427053,0.37265574735916435,0.3455646177912707,0.3566685634095873,0.3405930621229103,0.3538461403277774,0.3463264912126881,0.3691862024436157
-1.826275560041599,-1.7022537911510995,-1.943869153493514,-2.0252702121361708,-1.8780381940717985,-1.9383847483845176,-1.851019306869711,-1.9230457406430752,-1.8821787435111925,-2.006414294799796
-1.1013707096207157,-1.0265769892205838,-1.1722877948080328,-1.22137827363977,-1.132587164695206,-1.1689803185000187,-1.1162929035103017,-1.1597298339561173,-1.1350842029155395,-1.2100068489152123
5.036425737334416,4.694403732278603,5.360720391199998,5.5852047985721285,5.179174546969684,5.345595730032058,5.104662999054301,5.303294461228784,5.190593179633636,5.533204744773127
10.078251050835139,9.393840357293012,10.727188036418655,11.176397521971733,10.363901711788504,10.696922498861062,10.214798731770177,10.612274609861533,10.3867512190872,11.07234166486688
-10.050796357581762,-9.36825010317255,-10.69796553982419,-11.145951310213778,-10.33566886255999,-10.667782450207774,-10.186972061804209,-10.583365154970524,-10.35845612431522,-11.042178917136923
-1.487329243093158,-1.3863252064149365,-1.583098136992969,-1.64939162390532,-1.5294850277825678,-1.5786316061593664,-1.5074806917827006,-1.5661394306777214,-1.5328571148861938,-1.6340352571700072
-1.2930613343385775,-1.2052499670524013,-1.3763213484271073,-1.4339558937323345,-1.3297109298828802,-1.3724382147185605,-1.3105806961425353,-1.3615777080942881,-1.3326425709233347,-1.420605302964644
-2.9505556210560866,-2.750184365293979,-3.140541429195483,-3.2720540860984406,-3.0341840362526393,-3.131680749746797,-2.9905319547962206,-3.1068988403224034,-3.0408735642132427,-3.2415902097238694
6.676577995821904,6.22317379368805,7.10648179329308,7.404071340490321,6.865814095199995,7.08643166544158,6.767037266712543,7.030354650666263,6.880951296771613,7.335137053938184
-3.6233032936288976,-3.3772459660630663,-3.856607217629434,-4.018105695919369,-3.7259995824431975,-3.845726240229413,-3.672394515863167,-3.8152938791517124,-3.7342143703697515,-3.9806958390039515
13.735404656482011,12.802637871887413,14.619825182284313,15.232041927876335,14.124711035018876,14.578577012993568,13.921502188989052,14.463212451934217,14.15585207599571,15.090226716387452
2.407548592049212,2.2440527639229386,2.5625702637747634,2.669879920879291,2.4757864086234678,2.555340264048932,2.4401678605437684,2.5351191061364315,2.4812448258476993,2.645022479741574
-5.801199691888201,-5.407242140674733,-6.174738019305636,-6.433310058842976,-5.965624701540348,-6.157316700242603,-5.879798682980287,-6.108592045031483,-5.978777237038064,-6.373413872180131
4.349267265294135,4.05390996466474,4.629315894208093,4.823172159637573,4.472539752030923,4.616254807408231,4.408194390233475,4.579725027504464,4.482400452426366,4.778266874902602
-0.18102256366897315,-0.1687293812782458,-0.19267857781243997,-0.20074714569084195,-0.1861533363296948,-0.1921349571810566,-0.18347519271554422,-0.19061453684239163,-0.18656375241964138,-0.19887812517102343
-10.261537218871752,-9.564679622315413,-10.922275971724696,-11.37965491890732,-10.552382810451387,-10.891460015808352,-10.40056819785787,-10.805272694309188,-10.575647865905534,-11.273706670035848
4.734164928931603,4.412669355343524,5.038997057317757,5.250009045560754,4.868346676755744,5.024780101842278,4.798306935213141,4.9850175413158215,4.879080020820227,5.201129772076601
8.33914068339506,7.772832399360517,8.876096628443761,9.24779019684641,8.575499257514673,8.851053734167932,8.45212559670641,8.781012746762583,8.5944058371334,9.161690294497111
0.22122483483677927,0.20620152951568033,0.23546946683999723,0.2453299370492962,0.22749507160421803,0.2348051165957284,0.2242221543131279,0.23294703475506504,0.22799663466836068,0.24304583639674154
4.317136622617201,4.023961303298606,4.595116364548839,4.787540497617793,4.439498421649224,4.58215176782129,4.375628417584865,4.545891855284498,4.449286275143884,4.742966955121254
-0.8391900234324401,-0.7822009066646616,-0.8932253358483658,-0.9306298534383621,-0.862975418700906,-0.8907052024398965,-0.8505599973481052,-0.8836567906078518,-0.8648780383586914,-0.9219653900585907
0.5240923658784614,0.4885014267560144,0.5578385901355283,0.5811985224165417,0.5389468609648275,0.5562647121776234,0.5311931611251258,0.5518628261570616,0.5401350881958151,0.5757873771634102
-0.7776591351784989,-0.7248485606688688,-0.8277324834656903,-0.8623944360492427,-0.7997005434386902,-0.8253971306704451,-0.7881954426122944,-0.818865520788728,-0.8014636596773642,-0.8543652663611436
1.7915218277595844,1.6698601733268748,1.906877633905834,1.986729643400905,1.842299427129814,1.901497596150294,1.815794705036719,1.8864504872767893,1.8463611825745525,1.9682325511604681
6.768088399772503,6.308469756391032,7.203884537629892,7.505552901803817,6.959918203875825,7.183559599044497,6.8597875220399205,7.12671398240792,6.975262878711647,7.435673789262618
-3.893381890271206,-3.6289836145878405,-4.144076132243743,-4.3176125987565,-4.003733091555049,-4.132384094088344,-3.9461323392756436,-4.099683325232904,-4.0125602042623685,-4.277414236204783
2.7039191571666197,2.520296902044795,2.8780240825413284,2.9985436178695615,2.7805570867551173,2.869904065844866,2.7405538756792454,2.847193672193719,2.78668743816283,2.9706262119603397
1.1211999244753104,1.0450596086567299,1.1933938096599013,1.2433681195610193,1.1529784044786135,1.1900267851382245,1.136390779394424,1.1806097537232942,1.1555203996847634,1.231791962295369
0.18889936291082512,0.17607126969035,0.20106256290730062,0.20948221679431542,0.19425338987413168,0.20049528781820583,0.19145871272315598,0.1989087097281082,0.1946816643187532,0.20753186995188208
0.19327658182830532,0.1801512331197513,0.20572163025614265,0.21433638627428686,0.19875467351976864,0.20514121013991204,0.1958952374754594,0.20351786750215786,0.19919287203703898,0.21234084555209243
-6.062279212125816,-5.6505918370952815,-6.45262840841385,-6.722837327840649,-6.234104070932451,-6.43442305331268,-6.14441550377216,-6.383505574154462,-6.247848528418727,-6.660245549143649
4.150244733347119,3.868402986997261,4.41747833301707,4.602463732982051,4.267876269336746,4.405014921735019,4.20647535221074,4.370156745079444,4.277285743941782,4.559613314715526
-3.933159729803921,-3.6660601542020608,-4.186415260550591,-4.361724711556666,-4.044638365411093,-4.174603767373656,-3.986449118720989,-4.141568901845248,-4.05355566281714,-4.32111565104104
-4.559127276406975,-4.249518451874472,-4.8526887581283455,-5.055898938949956,-4.688347883564626,-4.8389974502696775,-4.620897741693158,-4.800705042422181,-4.698684380587027,-5.008826893016218
-2.6326981562723866,-2.453912495751244,-2.8022171727034286,-2.91956223370959,-2.7073174493061316,-2.794311036556933,-2.6683679194116126,-2.7721988327452456,-2.713286327778556,-2.892380169900355
6.323669129702355,5.89423085187419,6.73084918129638,7.0127088156945625,6.502902635341231,6.711858858016932,6.409346927398195,6.658745947864089,6.5172397185518856,6.947418240175097
5.129108011607955,4.780791983978717,5.459370462403851,5.687985919552009,5.274483740613594,5.443967471311522,5.198601002079982,5.400887758031585,5.2861125034173675,5.635028940445301
6.801245220940066,6.339374908806103,7.239176321249917,7.5423225567830805,6.994014798009338,7.218751810922236,6.893393576612643,7.161627707978498,7.009434646307644,7.472101106922833
-2.125462084441562,-1.9811226576925525,-2.2623202507139,-2.357056700986733,-2.1857046449998974,-2.2559373721549685,-2.1542594340096493,-2.2380854772488963,-2.1905235129926264,-2.3351117446818286
-1.5523381749243756,-1.446919403199705,-1.6522929836268407,-1.7214840594836383,-1.5963365257745006,-1.6476312274254645,-1.573370413230772,-1.6345930376782614,-1.5998560017509444,-1.7054564889762578
-2.798708847468288,-2.6086494558479996,-2.9789172659568797,-3.103661783159583,-2.878033427503342,-2.9705125906507606,-2.836627847581159,-2.947006052198053,-2.8843786870046784,-3.074765693308149
-6.733675745599909,-6.276394054174694,-7.167256058116964,-7.467390575733641,-6.9245301823145855,-7.147034462608861,-6.824908619497606,-7.090477880102898,-6.939796836451308,-7.397866766727465
5.8978858902946625,5.497362411344967,6.277649826681839,6.540531379568982,6.065051303647862,6.259938153691881,5.97779485829685,6.210401424783725,6.0784230470205385,6.479636927910094
2.460540405463998,2.293445920825962,2.6189742116446784,2.7286458286887343,2.5302801836832565,2.611585074613073,2.493877646669676,2.5909188349976864,2.535858744454347,2.7032412580404905
-4.670572339506144,-4.353395317620468,-4.971309751152354,-5.179487279900672,-4.802951664954667,-4.957283767691161,-4.733852745836768,-4.918055325477862,-4.8135408312914,-5.131264586746263
3.7120111711482364,3.45992972097726,3.951026981302882,4.1164793618943145,3.8172217319048958,3.9398796093086825,3.76230427403569,3.9087021849723116,3.8256376391808886,4.078153614495453
8.172745126138073,7.617736709329515,8.698986887664637,9.06326384555652,8.404387504891009,8.674443688322201,8.28347558802261,8.605800268073063,8.422916830908802,8.978881942911881
10.12093145868365,9.433622352769282,10.772616628954466,11.223728472759598,10.40779182225805,10.742222919804382,10.258057405697162,10.657216555270972,10.430738094986163,11.119231949273459
-0.869611436720182,-0.810556411843767,-0.9256055791093403,-0.964366045002654,-0.8942590745314211,-0.9229940885376318,-0.8813935826897337,-0.915690165267918,-0.8962306659087488,-0.9553874868242878
0.39747334220183234,0.37048105907366774,0.42306658762082683,0.44078283567527,0.4087390392298785,0.4218729534966248,0.4028586082402945,0.4185345489280876,0.40964019459779577,0.43667900564657514
0.8838839010022307,0.8238596377997845,0.9407970451012413,0.9801936656512881,0.9089360672217258,0.9381426935408961,0.8958594209896662,0.9307188949112413,0.9109400172667567,0.9710677472319065
-2.352282556189629,-2.192539826268708,-2.5037456566377854,-2.608591986780937,-2.4189539522022288,-2.4966816238317633,-2.384153039106902,-2.4769246489650407,-2.424287069740693,-2.584305156029998
7.231199330725613,6.740130977286135,7.696815107923956,8.019125329697788,7.436155216214904,7.675099421955569,7.3291730261623576,7.614364106354353,7.45254986058845,7.9444646926031846
-9.980485798567962,-9.302714310952636,-10.623127695074903,-11.067979571509657,-10.263365471897824,-10.593155751901833,-10.11570888276436,-10.509328999643209,-10.285993324880314,-10.964933120408723
-3.4764847493250293,-3.240397820514399,-3.7003350505602923,-3.8552895082236596,-3.5750197194731177,-3.689894977256068,-3.523586764142076,-3.6606957547237973,-3.5829016389899904,-3.819395522404265
-2.2456632855647767,-2.0931610350271574,-2.3902611880995845,-2.490355266342495,-2.3093127420592268,-2.3835173387780957,-2.2760892108823856,-2.3646558661309087,-2.3144041313662713,-2.4671692575032944
-2.178712735779842,-2.0307570749213455,-2.318999703040122,-2.4161096502195485,-2.2404645942981363,-2.3124569098710146,-2.2082315649887767,-2.2941577592654268,-2.245404192677544,-2.393614891956105
0.29105744318273774,0.2712918285394322,0.3097985857537992,0.32277164662110897,0.29930696491038455,0.30892452437810697,0.29500090705211524,0.30647991389770246,0.29996685313293425,0.319766538734397
-8.258438270430354,-7.697610460552395,-8.79019779991702,-9.158294286918549,-8.492509473706788,-8.765397259388706,-8.37032976710814,-8.696034096822228,-8.511233084041978,-9.073027620287343
4.643373161320151,4.328043226623727,4.9423592221999115,5.149324424644909,4.774981572927867,4.92841491935421,4.706285052847374,4.8894149248154495,4.785509073027339,5.101382557378286
-1.4608508848062423,-1.361644984676475,-1.554914841418498,-1.6200281305322068,-1.5022561860528936,-1.550527826538919,-1.4806435848993462,-1.5382580445183869,-1.5055682411690365,-1.6049451473683474
7.7021096777486315,7.179061958486998,8.198047297450776,8.541347013697491,7.920412705633799,8.17491744202757,7.806463618675389,8.110226919656602,7.937875002455876,8.461824324692108
5.808354672380835,5.413911228809998,6.1823537078565804,6.441244660376938,5.972982477626831,6.164910901996907,5.8870506044985484,6.116126151637185,5.986151234964842,6.381274600020734
-1.524864970775727,-1.4213118952527442,-1.6230507842234974,-1.6910173198460956,-1.5680846409912867,-1.618471531552525,-1.5455249815700844,-1.6056640910418223,-1.5715418294561827,-1.675273404487876
1.9466026348556977,1.8144094941358975,2.07194406955706,2.158708366632923,2.0017757324948966,2.066098315679947,1.9729766628642134,2.0497486729760372,2.0061890886306437,2.1386100971424358
4.8813906703787815,4.5498970454122585,5.195702640889639,5.413276799418141,5.019745278170551,5.181043558483135,4.94752740108891,5.140044439335837,5.030812413845979,5.362877450611702
3.5301254759912597,3.2903958231847135,3.7574296951029185,3.9147750361754103,3.630180800112367,3.7468285357710354,3.5779542554813637,3.7171787812710857,3.6381843343984386,3.878327220950416
-3.1361852377666826,-2.92320793616646,-3.338123707463683,-3.4779102785810583,-3.225075004604352,-3.3287055721520677,-3.178676620352776,-3.3023645474495282,-3.2321853938096776,-3.445529814817124
10.424309457779156,9.716398052346843,11.09552908926079,11.56016314780481,10.719768548009922,11.064224319433665,10.565545796765868,10.976669863265823,10.74340264224294,11.452534309241043
-11.735397978550038,-10.93845098556689,-12.491038391793372,-13.014110506400824,-12.06801761386323,-12.455796351633671,-11.894397925141757,-12.357229977324977,-12.09462422054642,-12.89294495009893
0.41089694592992904,0.3829930703150284,0.4373545350624348,0.45566910221952306,0.4225431118764377,0.43612058912413515,0.416464084988781,0.4326694388309064,0.4234747013672812,0.45142667625941935
-0.9013039145882781,-0.8400966640282235,-0.9593387305972592,-0.9995117988962106,-0.9268498210777437,-0.9566320657860553,-0.9135154539450497,-0.9490619553242218,-0.9288932659444029,-0.9902060224404163
13.868558992347195,12.926749740870399,14.761553304702131,15.379705027544814,14.261639401105855,14.719905265678756,14.056460599358546,14.603422332653349,14.29308233086814,15.236515025085176
-0.010810611053998598,-0.010076466035010598,-0.011506704583948512,-0.011988556941623025,-0.011117019197366663,-0.011474239729359676,-0.01095708129585582,-0.01138344070084763,-0.011141529118278194,-0.011876939618996607
7.566543232946567,7.0527017860867645,8.053751750784473,8.39100897685897,7.781003863538247,8.031029008788588,7.669060418313559,7.96747711784422,7.798158802818393,8.312885983350098
-14.77039402066798,-13.767341450873323,-15.721457347360838,-16.379805811392277,-15.189035389419729,-15.67710104856275,-14.970514362962074,-15.553043544216576,-15.222522968194815,-16.227304548837434
-4.327343746825145,-4.0334752650795584,-4.605980723864499,-4.798859810574844,-4.449994849205709,-4.592985474586271,-4.385973835543638,-4.5566398317464145,-4.459805844390123,-4.7541808816325135
-4.00479384820534,-3.7328296233296028,-4.262661888466396,-4.441164227336927,-4.118302829471194,-4.250635274125089,-4.059053789720692,-4.21699874895629,-4.127382536436499,-4.399815559368518
-0.007373076458745697,-0.006872373276495543,-0.007847827681699095,-0.008176461674469351,-0.007582053606970903,-0.007825685930977483,-0.007472972411597104,-0.007763758980109073,-0.007598769916527724,-0.008100336185379585
-0.23339732816786166,-0.21754739285304234,-0.24842574508469845,-0.2588287696955073,-0.24001257328525477,-0.2477248401790878,-0.23655956968546255,-0.24576452077169392,-0.24054173394284983,-0.2564189905675626
-2.5708640160715004,-2.3962774915478637,-2.7364015420290753,-2.850990521432471,-2.6437307269430446,-2.728681097177939,-2.605696004044732,-2.7070882423494944,-2.6495594144606396,-2.824446882328523
-2.1246705487956867,-1.9803848749704365,-2.2614777482134167,-2.3561789180275188,-2.1848906746399765,-2.255097246679199,-2.153457174046998,-2.2372519999327287,-2.189707748055509,-2.334242134164404
-2.134010001418524,-1.9890900884564766,-2.2714185667083178,-2.366536016161306,-2.1944948379552933,-2.2650100182885144,-2.162923164557254,-2.2470863288693077,-2.1993330858672535,-2.344502804382013
-3.8760626865213625,-3.612840552232991,-4.125641747713282,-4.298406259789956,-3.985923004816345,-4.114001720071307,-3.9285784820035023,-4.081446416339644,-3.994710851259062,-4.258386714433948
-4.599904281455416,-4.2875263040049125,-4.896091388059893,-5.101119088346716,-4.73028064256135,-4.88227762463115,-4.662227224095731,-4.8436427280542445,-4.7407095896001055,-5.053626028271827
-1.3741246594193877,-1.2808083085542612,-1.4626043281438241,-1.5238520414851615,-1.413071855238938,-1.4584777568489937,-1.392742327764117,-1.4469363940614086,-1.4161872838263339,-1.5096644886564443
6.643592894461342,6.192428699644717,7.071372786491175,7.367492116253035,6.831894087975537,7.051421714698018,6.7336052585351664,6.995621743943983,6.846956505409463,7.298898394048468
5.436999136413375,5.067774324392812,5.787086647868242,6.029425479546621,5.591101508847394,5.770759042936224,5.510663666060265,5.72509333198417,5.6034283253579025,5.973289588273009
0.8620756670517216,0.8035323937995863,0.9175845824279749,0.9560091627396593,0.8865097164560308,0.91499572218357,0.873755712779168,0.907755092335622,0.8884642226641983,0.9471084098241153
-2.0688337170731854,-1.9283399040114375,-2.2020455917585022,-2.294257993002893,-2.1274712441305796,-2.1958327712752,-2.0968638231780683,-2.17845650172625,-2.132161723746499,-2.272897712875754
3.963184813183274,3.694046244105693,4.218373654283279,4.395021388309939,4.075514458044852,4.206471994143433,4.016881004380286,4.17318494597815,4.084499828607478,4.354102325020029
-1.3568400180547366,-1.2646974614644635,-1.444206731465052,-1.504684030890699,-1.3952973104966815,-1.4401320668909166,-1.3752235011542049,-1.4287358789353786,-1.398373551179646,-1.4906749384082139
-4.048808469250253,-3.773855226025657,-4.309510603974566,-4.489974769870109,-4.163564969111314,-4.297351811325772,-4.103664753762081,-4.263345604479291,-4.172744466446965,-4.448171660045184
5.122389999294045,4.774530189657771,5.452219878343305,5.6805358991269355,5.267575317815953,5.436837061808345,5.191791969112059,5.393813773552727,5.2791888494778725,5.6276482821075415
1.2553674191815818,1.1701158331992043,1.3362003280557804,1.3921547738922853,1.2909486456483326,1.332430391230217,1.2723760756385414,1.3218864782619342,1.2937948266833608,1.3791933650004495
4.917857137520376,4.5838870868385655,5.234517178062668,5.453716726042375,5.057245324490625,5.219748584866515,4.9844879431940035,5.178443181479298,5.068395137289584,5.402940868506905
-3.1016857309193977,-2.891051279411826,-3.301402782846125,-3.439651636194363,-3.1895976686790073,-3.2920882514351213,-3.1437096883907927,-3.266036990344484,-3.1966298402720184,-3.407627372701347
-0.8870595618721242,-0.8268196405909642,-0.9441771862705193,-0.9837153529061378,-0.9122017367272321,-0.9415132980273863,-0.8990781080875264,-0.9340628268146155,-0.9142128866609995,-0.974556646445257
1.6914165690690166,1.5765530296249137,1.8003266134964873,1.8757167147169254,1.7393568573655656,1.7952471972923782,1.7143331454508215,1.7810408790266055,1.743191653209124,1.8582531885626286
0.6383638642442333,0.5950127854850448,0.6794680121443563,0.7079212726958548,0.6564571880590829,0.6775509706446713,0.6470128951937107,0.6721893108438491,0.6579044927255077,0.7013302978626574
1.2702831287575456,1.1840186218741044,1.3520764578039786,1.408695729133665,1.3062871153120805,1.3482617282890792,1.2874938744005975,1.3375925373016075,1.3091671133867022,1.395580318626229
-6.833577832311827,-6.369511823239837,-7.2735908243362015,-7.578178194412218,-7.02726382154052,-7.2530692174132,-6.92616425437897,-7.195673550754226,-7.042756974644965,-7.507622917028549
5.5880578856363865,5.2085747239478275,5.947872045978282,6.196943893403589,5.74644175803907,5.931090803383843,5.6637690721672245,5.884156340128226,5.759111056392461,6.139248351795381
1.2027891866784546,1.1211081710650004,1.280236591506784,1.3338475116010857,1.2368801737385344,1.2766245499809614,1.2190854739277261,1.2665222450224678,1.239607148901306,1.3214289620824262
0.29397343648119745,0.2740097976980192,0.31290233939793194,0.32600537240454136,0.30230560701455855,0.31201952113533077,0.2979564084081256,0.3095504190367072,0.30297210640504013,0.3229701574902854
-0.4757008704929173,-0.4433961818073073,-0.5063311740426137,-0.527534192526021,-0.4891837920223558,-0.5049026183845475,-0.482146021576865,-0.5009071756952005,-0.49026230559157524,-0.5226226794514818
-1.2621745654361365,-1.1764607084043852,-1.3434457853772628,-1.399703640471155,-1.2979487287345868,-1.3396554063202457,-1.2792754502003845,-1.3290543196858526,-1.300810342996793,-1.3866719492025072
6.772040558496928,6.312153525324419,7.208091175227313,7.509935695678597,6.963982379729624,7.1877543680937235,6.863793227565847,7.13087555701782,6.979336014937555,7.440015777916196
0.04832510085522764,0.04504335924897155,0.05143674642932869,0.05359070087886364,0.04969479257359261,0.05129162351588562,0.048979845455203196,0.050885737836668866,0.04980435570504607,0.053091754210061154
-6.019766512343236,-5.610966160685682,-6.407378322639715,-6.675692358926327,-6.190386421924995,-6.389300635494568,-6.101326810145379,-6.338740223279226,-6.204034494211193,-6.613539515059528
-3.273996461574952,-3.0516604453734795,-3.4848085741001196,-3.630737690053707,-3.3667922500992273,-3.4749765841674005,-3.31835501366525,-3.447478073992732,-3.374215086230947,-3.596934353914426
0.8545600513981401,0.796527161117804,0.9095850374753076,0.9476746305134729,0.878781083626345,0.9070187470346002,0.8661382699451439,0.8998412413335303,0.880718550358728,0.9388514747747168
4.335961406179549,4.041507702039153,4.615153272936972,4.808416467396344,4.458856761266067,4.602132144357711,4.3947082533905615,4.565714121233935,4.468687294490298,4.763648562904007
-3.1515460813680725,-2.937525629962433,-3.3544736333465544,-3.4949448705450816,-3.2408712248504994,-3.345009368583848,-3.19424558414887,-3.3185393271523584,-3.2480164403075444,-3.4624058092488244
6.875107268986704,6.408221009613974,7.317794334847189,7.6242327618962795,7.069970338541673,7.297148012760903,6.968256362914263,7.239403537650133,7.085557647582664,7.553248701670577
-7.3098614387494,-6.813451167586651,-7.780542256598459,-8.10635861896153,-7.517046866153814,-7.758590344029568,-7.408900907242792,-7.6971943402439775,-7.533619854011996,-8.03088581187525
-2.9871783637743126,-2.7843200696742256,-3.1795223045047196,-3.3126673163999287,-3.0718447875112966,-3.1705516449623046,-3.0276508898163086,-3.145462138729214,-3.0786173469049154,-3.281825317783328
4.967934301256929,4.630563526958423,5.2878188024241695,5.509250398092169,5.108741839149064,5.272899824774186,5.035243589788498,5.2311738200171485,5.120005187373221,5.457957504201115
0.050885292626815445,0.04742968924462669,0.054161788542745656,0.056429856286624114,0.05232754856967088,0.05400897723378362,0.051574724619216195,0.053581588336617136,0.05244291619242682,0.05590447616743423
0.3961062141283369,0.3692067722152029,0.4216114303876641,0.4392667425817597,0.407333162266736,0.4204219018236278,0.40147295729343185,0.41709497985309585,0.40823121806879287,0.4351770278675914
3.5849068173663445,3.341456981796483,3.8157383983544704,3.9755254625049923,3.686514824219087,3.8049727276667498,3.6334778154304397,3.7748628611016626,3.6946425592869465,3.9385120412634986
2.519198624074252,2.3481206792228826,2.6814094236412487,2.7936955645816095,2.5906009684304174,2.6738441327800295,2.5533306106855176,2.652685218954328,2.596312519676493,2.767685359961465
1.9521131029519008,1.8195457481673347,2.0778093558193778,2.164819266397641,2.00744238531461,2.07194705370604,1.9785617909024644,2.0555511282205847,2.0118682348363968,2.144664102464069
2.522852105641074,2.351526054065593,2.685298152306292,2.7977471368359654,2.594358001637209,2.6777218898406727,2.5570335923523837,2.656532290184605,2.600077836091681,2.771699210774478
3.2400084870390926,3.0199805829402906,3.448632119278333,3.5930463175662224,3.3318409449872926,3.4389021970867955,3.28390654463693,3.411689154130727,3.3391867232576518,3.55959390023257
-1.3184908220780749,-1.228952546695204,-1.4033882368460844,-1.4621562295171013,-1.3558611726367005,-1.399428736998972,-1.3363547215960345,-1.3883546464458378,-1.3588504676552884,-1.4485430845493692
-2.2066408793173267,-2.0567886274738054,-2.3487261353073414,-2.44708090035523,-2.2691843129432905,-2.342099472400035,-2.2365380998973072,-2.323565751492298,-2.2741872302771857,-2.424297789787555
1.8219292839073769,1.6982026691907854,1.939243021328833,2.020450357027253,1.873568730229296,1.9337716683241064,1.8466141441366295,1.9184691652398627,1.8776994257498156,2.0016393140928037
-0.8394204060464979,-0.7824156440716422,-0.8934705527623776,-0.930885339004645,-0.8632123311132043,-0.8909497275023535,-0.8507935013580796,-0.8838993806716822,-0.8651154730966586,-0.9222184969720449
-2.2507843389636153,-2.0979343193844553,-2.3957119853139814,-2.4960343200024973,-2.314578942892951,-2.3889527571898417,-2.2812796481417807,-2.3700482724805942,-2.3196819427013042,-2.4727954373464014
2.51925139254928,2.348169864208234,2.6814655898700077,2.7937540828156324,2.590655232536948,2.6739001405421803,2.5533840941073005,2.652740783510609,2.5963669034202153,2.7677433333718993
-10.094028757575359,-9.408546605190013,-10.743981667191703,-11.193894399319234,-10.380126610440884,-10.713668748320279,-10.2307902066786,-10.628888341331061,-10.4030118891074,-11.08967564065639
-1.3114773478161563,-1.2224153551493564,-1.3959231660895912,-1.454378553016889,-1.3486489135312216,-1.391984728088191,-1.3292462235407085,-1.3809695441635812,-1.3516223075337974,-1.4408378207199588
6.665975688655013,6.213291485692111,7.0951968052504695,7.392313784645611,6.854911283904505,7.075178516705626,6.756291311560612,7.019190551400864,6.87002444782378,7.323488964721559
-3.910393250945893,-3.644839739388889,-4.1621828517322985,-4.336477551448285,-4.021226609937055,-4.150439727533021,-3.963374182584467,-4.117596079147901,-4.030092290964207,-4.296103550116924
6.789089078899553,6.328044286348579,7.22623744715279,7.528841857096892,6.981514111068028,7.205849442382633,6.881072734070388,7.148827439670068,6.996906398844684,7.458745916888342
0.7431694281260739,0.6927010382082693,0.7910219896502282,0.8241466612627324,0.7642332850665056,0.7887902113262758,0.7532384432201189,0.7825482827473436,0.7659182059110532,0.8164735906646969
1.7060791160313689,1.5902198478755107,1.8159332795305647,1.8919769222379768,1.7544349889576247,1.8108098308982556,1.7291943515628827,1.7964803609426252,1.7583030278680756,1.8743620083196904
4.6381651789818985,4.323188916642522,4.936815898705489,5.143548970093705,4.769625979303724,4.922887235714785,4.701006508870297,4.883930983359927,4.780141671815762,5.095660874167293
5.0657141650398785,4.72170319255137,5.391894696116874,5.617684552170116,5.209293104693752,5.37668208020319,5.134348248277827,5.3341348159821695,5.220778140361484,5.565382101414264
0.9753883368121393,0.9091500376565353,1.0381934370097314,1.0816686085234977,1.003034038600199,1.0352642926381412,0.9886036273155194,1.0270719422740304,1.0052454483784075,1.0715979257348751
-11.094742597748867,-10.341302299655931,-11.809131312704679,-12.303648028902735,-11.409203960158745,-11.775813195593857,-11.245062466211385,-11.682627727683254,-11.434358066827228,-12.189097106868417
-3.236455019745344,-3.0166684304344673,-3.444849844789531,-3.589105657340956,-3.328186760785817,-3.4351305938540775,-3.280304932311291,-3.4079473967019602,-3.335524482601097,-3.5556899288219688
-2.02749975147138,-1.889812914334491,-2.1580501386719586,-2.2484201955125234,-2.084965738493264,-2.151961446341648,-2.0549698341041043,-2.134932343470183,-2.089562505346528,-2.227486680029026
-0.7430502141685001,-0.6925899200311012,-0.7908950995248473,-0.8240144575129654,-0.7641106921947132,-0.7886636792069112,-0.7531176140627094,-0.7824227519137972,-0.7657953427562343,-0.816342617774379
0.8919931024839833,0.8314181460925897,0.9494283967793441,0.9891864620093745,0.9172751100471187,0.9467496928446864,0.9040784919964964,0.9392577845020027,0.9192974453514082,0.9799768177623306
-9.04509968880627,-8.430849962345983,-9.627512222166406,-10.030671913018548,-9.301467454548963,-9.600349294495434,-9.167649462581787,-9.524378911282533,-9.321974591185505,-9.937283129987629
8.557078052621636,7.9759697139676184,9.108066950284686,9.489474459431541,8.799613685960349,9.082369578203107,8.673015744367143,9.010498120595527,8.819014375269703,9.401124398832
5.56558795065371,5.187630714813573,5.923955275448409,6.172025589186665,5.72333495146558,5.907241511294199,5.64099469770421,5.860495774490489,5.73595330576719,6.114562045008557
-1.6229964835898452,-1.5127793295075294,-1.727500969572675,-1.799841439339742,-1.6689975224530322,-1.7226270226167837,-1.6449860534945906,-1.7089953691189121,-1.672677195623555,-1.7830843364132267
2.1033049804364743,1.9604702352877263,2.2387364542986123,2.332485314438865,2.1629195360590385,2.2324201147314215,2.1318021289922164,2.2147543187894367,2.167688169253376,2.310769125648937
-0.9377360853579342,-0.8740547381378607,-0.998116763060405,-1.0399136921469543,-0.9643145989543104,-0.9953006904534264,-0.9504412350053143,-0.9874245838091437,-0.9664406431874377,-1.0302317610650742
-11.07552782246668,-10.323392393404173,-11.788679301091765,-12.282339573123467,-11.38944457517873,-11.75541888699906,-11.225587354786429,-11.662394805241373,-11.41455511792468,-12.167987039668773
1.8587755503405778,1.7325467178644982,1.9784618130095757,2.0613114666365258,1.9114593405974936,1.972879808657213,1.8839596313381157,1.9572678313739886,1.9156735743261357,2.042119993623933
-3.6670853075339402,-3.4180547578931395,-3.9032083484609155,-4.066658285971658,-3.7710225220948574,-3.8921958912853354,-3.716769721229233,-3.861395802212517,-3.779336573022622,-4.028796388820322
-12.626711296891303,-11.769235511432923,-13.43974323323694,-14.002543113622316,-12.98459367245739,-13.401824530571435,-12.797787422771684,-13.295771957471484,-13.013221073231751,-13.872174931704018
-2.921006189714499,-2.7226416260556405,-3.1090893146597782,-3.2392848893840527,-3.0037970771940947,-3.1003173737649896,-2.9605821656641504,-3.075783651944932,-3.010419610400975,-3.209126104774879
5.0311072135216754,4.6894463876578625,5.3550594084830925,5.5793067577254165,5.173705278763423,5.339950719132226,5.099272415904186,5.297694120957919,5.1851118532192535,5.527361616584481
4.414958556874471,4.115140182373887,4.699237037627029,4.896021306253419,4.5400929500833405,4.685978676295851,4.4747757165507585,4.648897150942415,4.550102586404159,4.850437772523138
-3.5711244179655637,-3.3286105405778295,-3.801068552443761,-3.960241305191115,-3.672341786454716,-3.7903442710531103,-3.6195086817772175,-3.7603501637610113,-3.6804382739346644,-3.923370184372123
-6.479025106045326,-6.039036655277583,-6.896208504298595,-7.184992691167102,-6.66266190915135,-6.876751638549318,-6.566807782671254,-6.822333883401589,-6.677351216919363,-7.118098097332039
-4.837316330784874,-4.508815779634107,-5.148790361564583,-5.364400031282952,-4.97442172736206,-5.134263636803624,-4.902855909386969,-5.093634700914001,-4.985388937272675,-5.314455740914692
3.229450407818313,3.0101394993852786,3.437394207012263,3.581337808833436,3.320983615202839,3.4276959913084464,3.2732054166643922,3.400571626349525,3.328305456094877,3.5479944014834772
2.3178644656196425,2.1604590568389255,2.4671113906786997,2.5704236319525946,2.3835603401582808,2.4601507172757677,2.3492686265108187,2.440682822200315,2.3888154246721935,2.5464921608663538
-1.9412389197597901,-1.8094100271570726,-2.0662349856974345,-2.152760210370087,-1.9962599921364128,-2.060405339349283,-1.9675402761456355,-2.0441007468388817,-2.000661187605928,-2.132717320128316
-1.2585800164639,-1.1731102640632647,-1.3396197839672166,-1.3957174222252242,-1.2942522984652316,-1.3358401995368043,-1.27563219959096,-1.3252693037540644,-1.297105763131584,-1.3827228439310724
-4.352791183792764,-4.057194575024341,-4.633066717259546,-4.827080051371669,-4.476163549927595,-4.619995047940244,-4.411766053414823,-4.583435670414786,-4.486032239784804,-4.782138382907231
2.8555231618407255,2.6616055289336673,3.039389845014418,3.16666669930642,2.9364580457241596,3.030814553223675,2.8942119247658487,3.0068308276328093,2.942932115183134,3.137184013412872
0.22849876236647831,0.21298148703408817,0.24321176140884482,0.25339644632832353,0.23497516607658434,0.2425255671634958,0.231594634451852,0.24060639113029653,0.23549322065888267,0.2510372438788596
7.323867488959884,6.826506071562536,7.7954501541590115,8.121890796526413,7.5314498937247345,7.773456180657471,7.423096721894115,7.7119425391411305,7.548054636234084,8.046273379869293
4.789134963549922,4.463906393102826,5.097506603740526,5.31096872552824,4.9248747422905526,5.083124570253109,4.854021744962601,5.042900312814639,4.935732714943955,5.26152189780889
2.5869416936394827,2.4112633393529883,2.753514458703874,2.8688200550314535,2.6602640985794443,2.7457457317101506,2.6219915140099874,2.7240178394174386,2.6661292375615915,2.842110417232777
1.049150168011921,0.9779027273104538,1.116704780813284,1.1634676769609749,1.07888652181183,1.1135541256397468,1.0633648389575077,1.104742244836445,1.0812651651201286,1.1526354185251093
-7.675053186604348,-7.1538428647021854,-8.169248643136013,-8.51134239295001,-7.892589344867054,-8.146200039831331,-7.779040545958434,-8.081736766697114,-7.909990298953297,-8.43209905661823
2.8698832623745347,2.6749904397925905,3.054674590142421,3.182591505228777,2.951225158564782,3.046056174186598,2.908766586679008,3.0219518371731877,2.957731785381208,3.1529605542680432
2.1721421021359157,2.024632650833677,2.3120059873387273,2.408823067140267,2.233707727364941,2.3054829261408054,2.2015719074872555,2.2872389627164593,2.238632428740827,2.3863961493098604
4.546734541743542,4.237967303720751,4.8394980572468596,5.042155867033587,4.675603898190155,4.825843965446265,4.608337100994223,4.787655644986839,4.685912298285844,4.995211773521433
-7.592098052750089,-7.0765211865346,-8.080952041379183,-8.41934830114112,-7.807282990677499,-8.058152556865709,-7.694961473923601,-7.994386029320289,-7.824495868089832,-8.340961459404571
5.1176287669936,4.770092291067156,5.447152071050718,5.675255873394711,5.262679136589677,5.431783552756027,5.186966228076344,5.388800254401558,5.274281873540127,5.622417415113812
-3.253707148915911,-3.032748973222521,-3.4632128358192014,-3.608237613147385,-3.3459278718318664,-3.4534417757989453,-3.2977908062276033,-3.4261136768868234,-3.353304707839621,-3.5746437599638416
2.249092371016089,2.0963572524203014,2.3939110718188563,2.4941579918300194,2.312839019029256,2.38715692476674,2.2795647561473844,2.368266651006822,2.317938182791675,2.4709365783929456
-1.7346935515838438,-1.6168910865793453,-1.8463901940466947,-1.9237092441446428,-1.7838604513824354,-1.841180814703835,-1.7581964768837754,-1.826611010234586,-1.7877933652152016,-1.9057988920990503
1.6464119376818895,1.534604647861348,1.7524241410372987,1.8258082883267481,1.6930766472458936,1.7474798761957266,1.6687187576668505,1.7336515547691784,1.696809408158176,1.8088094256809364
0.02644326365674887,0.02464751037301488,0.028145941206637725,0.029324574761574733,0.027192752402684327,0.0280665306437026,0.026801536764897278,0.02784443194468115,0.027252704823285838,0.02905155353491799
10.543750746423399,9.827728122607434,11.22266118352359,11.692618999092021,10.84259519418041,11.190997724992526,10.686605365297163,11.102440073638126,10.866500086846893,11.583756953933095
4.53671484073209,4.228628037289044,4.828833189277567,5.031044399280855,4.665300206017732,4.815209187185569,4.598181645581548,4.777105022849536,4.675585889351334,4.984203757108762
7.330089394429023,6.832305449490358,7.8020726871337915,8.128790653308755,7.537848148383896,7.780060028910794,7.429402926390786,7.718494129203935,7.554466997256909,8.053108996764854
-6.2357692873873605,-5.812300258761026,-6.637289482085834,-6.91523123006232,-6.4125114234494776,-6.618563126826777,-6.320256152295147,-6.566188493192134,-6.426649219295847,-6.85084820222998
10.756652832201949,10.02617209819908,11.449272000814451,11.928719323634029,11.061531622744651,11.41696918570845,10.902392007724746,11.326623355826461,11.085919209058908,11.817659108484756
7.294107281967018,6.798766870377643,7.763773692161297,8.08888785762256,7.500846184942249,7.741869090184431,7.392933301364642,7.680605406590891,7.517383454825299,8.013577708945826
4.177932905869758,3.894210864887077,4.446949342573886,4.63316886437926,4.296349215402116,4.4344027821996805,4.234538664797685,4.399312050774188,4.305821464897055,4.590032571459586
2.3748877257379424,2.213609886234004,2.5278063694655133,2.6336602609933157,2.4421998263321085,2.5206744521024875,2.4070644803945687,2.500727614939907,2.4475841945274555,2.609140036543362
-2.2393047667790595,-2.0872343211478754,-2.3834932452984536,-2.48330391058229,-2.3027740020144183,-2.376768490955662,-2.2696445421297753,-2.3579604239231657,-2.307850975226778,-2.460183552134098
-1.9429948986337975,-1.811046758086874,-2.068104031772437,-2.154707524228126,-1.9980657412060077,-2.062269112123959,-1.9693200463344063,-2.0459497710322743,-2.0024709178476425,-2.1346465038677587
7.176320242452909,6.688978709736216,7.638402363867563,7.958266505772351,7.379720674743173,7.616851482794275,7.2735503949676055,7.556577100240777,7.395990896722227,7.884172483910743
-1.4695059951266578,-1.3697123293193738,-1.5641272529187407,-1.6296263190521756,-1.5111566105623666,-1.5597142462708333,-1.4894159611259723,-1.547371769413272,-1.514488288627515,-1.6144539736648325
3.954951408917618,3.686371967598936,4.2096101024237305,4.385890855783222,4.067047692121649,4.197733167645932,4.008536047797367,4.164515272380973,4.076014395831276,4.345056800689022
-0.37657656419120444,-0.3510033743421128,-0.4008242693907476,-0.4176091027728906,-0.3872499780522185,-0.39969338943058896,-0.3816787050562637,-0.39653049826577313,-0.3881037560449083,-0.41372102765401686
-2.735221355571493,-2.5494733785152155,-2.9113418245333307,-3.0332565666659206,-2.8127464920392935,-2.9031278056278857,-2.772280179673352,-2.880154502767329,-2.8189478120910016,-3.005015972033987
-2.06690582628979,-1.926542935653122,-2.1999935643935515,-2.292120035368628,-2.1254887106047344,-2.193786533471416,-2.0949098118888196,-2.176426456403107,-2.1301748192882064,-2.270779660314985
0.12197005689261095,0.113687110694091,0.1298236894973258,0.13526015920156775,0.12542708799772573,0.12945740676442258,0.12362259842270314,0.12843297228813944,0.12570361967878166,0.13400084359739484
-11.6198284264232,-10.830729723478127,-12.368027334547826,-12.885948263816212,-11.94917244191063,-12.33313235605614,-11.777262550309171,-12.235536657966048,-11.975517028198464,-12.765975939230922
4.562664980167429,4.252815911343329,4.856454254072445,5.059822118015686,4.691985857442617,4.842752322296442,4.624483376909366,4.8044302010439415,4.702330375180862,5.012713546022504
6.851797063258817,6.386493792242732,7.292983188672186,7.5983826293465215,7.045999445196505,7.272406868405001,6.944630333089692,7.214858177235023,7.061533905115834,7.527639242172531
-3.0864280988939203,-2.8768297881278024,-3.2851627143161584,-3.4227315019468074,-3.1739075853630556,-3.2758940024062535,-3.1282453345582155,-3.2499708911637972,-3.180905164706621,-3.390864770347945
3.1899303493731463,2.973303235030262,3.395329458276277,3.5375115654657305,3.280343428795108,3.385749923463334,3.233149910917518,3.3589574900571835,3.2875756694321687,3.5045761945432834
0.2692574889742142,0.25097230200668147,0.28659493595379043,0.29859632562877747,0.27688912856169545,0.28578634102952155,0.2729055907637378,0.28352482978873017,0.27749959171929206,0.29581629775928014
-3.6986969714573132,-3.447519684181114,-3.936855482407037,-4.101714420270803,-3.8035301641644383,-3.925748093680645,-3.7488096836120763,-3.8946824961773094,-3.811915885359385,-4.0635261392293
-3.766856311497333,-3.5110503459958293,-4.009403591534256,-4.177300538862221,-3.873621363257618,-3.9980915165924205,-3.8178924973549817,-3.966453444339162,-3.882161615961045,-4.1384085267356525
3.3270810640290343,3.1011400900428487,3.5413112856808446,3.6896064973824845,3.4213814441437522,3.531319879791805,3.372158846005739,3.5033755085730482,3.42892463419453,3.655255073705042
1.3275661993881493,1.2374116181355779,1.4130479762607469,1.4722204781617974,1.365193775879523,1.4090612225606152,1.3455530589037366,1.3979109073205493,1.3682036466804606,1.4585136318008585
-0.511722002981875,-0.476971131109858,-0.5446717015354052,-0.5674802599396563,-0.5262258814463869,-0.5431349724519388,-0.5186551953024628,-0.5388369859175155,-0.5273860624721483,-0.5621968361242434
5.26685198578028,4.909181810450313,5.605983749210957,5.840738753733346,5.416131830397465,5.590167105451849,5.338211234608159,5.54593047153387,5.428072887658614,5.78635959658987
-8.290056835717937,-7.727081819535223,-8.823852279605102,-9.19335807456841,-8.525024212747859,-8.798956786800801,-8.402376724360037,-8.729328057838796,-8.54381950899707,-9.10776495279188
-5.8956330646711645,-5.495262574364007,-6.2752519419740045,-6.538033081541986,-6.062734625563744,-6.257547034342259,-5.975511509707326,-6.208029227063694,-6.076101261308592,-6.477161889841593
-6.015522407863302,-5.607010271936427,-6.402860940945927,-6.670985808300304,-6.186022025616277,-6.3847959990779986,-6.097025203364551,-6.334271233373455,-6.199660475628154,-6.608876783934236
4.966851804844867,4.62955454251946,5.2866666042399455,5.508049950697449,5.107628661241371,5.271750877385723,5.034146426905643,5.230033964586772,5.118889555219297,5.456768233357902
0.12018942029883635,0.11202739654211163,0.12792839799589367,0.1332855008691041,0.12359598232778288,0.1275674626117946,0.12181783643294067,0.12655798381859365,0.1238684769325006,0.13204456996938263
2.6901556202910806,2.507468042403536,2.8633743137108665,2.9832803783795514,2.766403446141765,2.855295629666283,2.726603860114861,2.832700836860542,2.7725025927268643,2.9555050781411607
-4.633458358130145,-4.318801734437124,-4.931806006406139,-5.138329284590878,-4.764785751724899,-4.9178914782551555,-4.696235916490266,-4.878974758796134,-4.775290772887628,-5.090489785616011
-11.563969264465118,-10.778663938722456,-12.308571410017008,-12.824002575408699,-11.891730048253603,-12.273844179635155,-11.720646566657933,-12.176717646295689,-11.9179479901145,-12.704606985114449
-9.64179788414317,-8.987026580710257,-10.262631719595493,-10.692387541860292,-9.91507803210654,-10.233676874700945,-9.772432171231603,-10.15269478436244,-9.936938008605942,-10.592837973407823
4.755071499356685,4.432156167489909,5.061249798494303,5.2731936378787285,4.889845807896972,5.046970059447626,4.81949676348658,5.0070319032703186,4.90062655153814,5.224098508380102
3.7834585852439355,3.5265251648266958,4.0270748830523555,4.1957118296928115,3.890694199847429,4.015712950576997,3.8347197111201363,3.983935434741896,3.8992720933848886,4.156648402524499
2.0487408290046702,1.9096115173220678,2.1806589258163185,2.2719757435048913,2.1068088577703192,2.174506445371721,2.07649870163817,2.1572989373023495,2.1114537825979864,2.25082291829023
-8.51531003336213,-7.937038147073222,-9.063609494894317,-9.443155312925374,-8.756661824162293,-9.038037554452536,-8.630681820751978,-8.966516909167469,-8.775967816618385,-9.355236498483693
3.983807088934833,3.713268067935749,4.240323795097396,4.417890708635914,4.096721236669884,4.228360205138762,4.037782686143392,4.194899949132165,4.105753362253587,4.376758724615218
1.522276936474856,1.4188996135047551,1.6202961068047563,1.6881472881311552,1.5654232533174068,1.6157246261419362,1.5429018826453835,1.602938922700406,1.5688745741661507,1.672430093691678
2.7946646007164655,2.60487985255468,2.9746126107985935,3.0991768671610322,2.8738745535456784,2.966220080586038,2.8325288063503837,2.9427475100260136,2.8802106438920485,3.0703225333206334
5.446195058450468,5.076345754407688,5.796874693865764,6.039623407713839,5.60055807344982,5.780519473078339,5.51998418132508,5.734776524976316,5.612905739042841,5.983392570447653
3.0434352384250105,2.836756558585178,3.23940155038531,3.375054053073633,3.129696166341945,3.2302619483801567,3.0846699746691,3.2046999369815508,3.136596271860526,3.343631213864722
