-29.972380732129352,-45.05740524394449,20.1133026446836,7.370410256054296,33.98705468364554,34.90179128334846,-16.816270905003016,16.317909933500705,16.198158176432667,-6.106072900124584
15.922823414924103,23.936740749623908,-10.685189447060322,-3.9155295020290017,-18.055618436107135,-18.541572137229856,8.933641758756147,-8.668887556644497,-8.605269451080497,3.2438504440561333
-21.980405059774284,-33.04308813689413,14.7501976293148,5.405129620254852,24.924587586544867,25.595414544341967,-12.332301841162542,11.966826168158658,11.879005579247169,-4.4779210857072975
-3.2975875489897977,-4.957255142663591,2.2128831527578257,0.8108989842524519,3.739285489306626,3.839925610248123,-1.8501408364045506,1.7953107263370258,1.7821355332615543,-0.6717954822684669
27.388638762875523,41.17327238193055,-18.379453583849212,-6.735050706895337,-31.057231377907048,-31.893113936464967,15.36663948293109,-14.911239268180672,-14.801810603008267,5.579704409066965
-12.97072592200463,-19.49885994706495,8.704151275873224,3.189588849094419,14.708099938327162,15.103957639175546,-7.27734119249188,7.0616725197444055,7.009849235051404,-2.6424393429113255
-25.451508263689213,-38.261188931092796,17.079520410685713,6.258697272507876,28.86063042072558,29.637393078804354,-14.279795179710913,13.856604292812335,13.75491524575772,-5.185065753205816
-15.327838003280583,-23.042300663390797,10.285917805594435,3.769218582673858,17.38093723869986,17.848732391217993,-8.599819899353541,8.344958722104563,8.283717823380114,-3.122638040861495
25.532351615054395,38.38272053968586,-17.13377124939455,-6.278577197007734,-28.952302397944003,-29.731532339919802,14.325153061341176,-13.900617964535288,-13.79860591566578,5.201535429116374
-23.4841555785415,-35.303672543432626,15.759306300273416,5.774911999076296,26.62975914327462,27.346479540389474,-13.175994450139083,12.785515405660384,12.691686726553336,-4.784270133293962
23.703245854490156,35.63303040915077,-15.906329290073451,-5.828787773286073,-26.878195637388004,-27.601602520165784,13.298916998932649,-12.904795065897831,-12.81009103271945,4.828903931610053
-3.6958814061677074,-5.556009305351797,2.4801627179860204,0.9088421258434857,4.190929128330424,4.3037249059030405,-2.0736071490062127,2.012154471469635,1.9973879336941018,-0.7529372290431172
-8.704563925913924,-13.08554925239201,5.841295364442795,2.1405108859191455,9.87050354095468,10.13616088992036,-4.883773044133688,4.739039298309738,4.704261052498861,-1.7733226589654696
-33.95327963531136,-51.041880642108914,22.78472955445048,8.349340103721538,38.50117820028284,39.537409117003875,-19.0497896568043,18.48523692487516,18.349579870105664,-6.917074839813628
22.936479431218515,34.48035235632712,-15.391782071856912,-5.64023474639818,-26.008724086555183,-26.708729781517473,12.868715874442925,-12.487343227593694,-12.395702735722491,4.672695730476212
24.166132759250612,36.328887139261965,-16.216954745185454,-5.94261478024727,-27.40308429021273,-28.1406181653403,13.558623815631593,-13.156805304550023,-13.060251851378466,4.923204788463595
27.61370615175783,41.511615626623005,-18.53048758239928,-6.790396293425383,-31.312445594015298,-32.15519705564269,15.49291554412062,-15.03377305732384,-14.923445157101737,5.625555884671741
18.773534645336422,28.22220783647637,-12.598191228344175,-4.61653859027794,-21.28817040924573,-21.861125871121047,10.533058660302446,-10.220904712706506,-10.145896865306966,3.824606799237562
2.9419565488703796,4.422635946647802,-1.9742329768121465,-0.7234469265037875,-3.3360192170581335,-3.425805722642684,1.6506108993710642,-1.6016939869337081,-1.5899396832267794,0.5993451543588924
21.219565656330627,31.8993201582039,-14.239627804307254,-5.218034087455216,-24.061836954841063,-24.709443613421822,11.905426123886137,-11.552601186492687,-11.467820458052179,4.322920356728362
-5.052147446055141,-7.594880662417545,3.390300273316102,1.2423570781478568,5.728861282442331,5.883049373715581,-2.834552278785452,2.7505485043809017,2.730363136423688,-1.029240248997711
-36.05156009149983,-54.196220421617504,24.19280421578369,8.865321397719699,40.88051447134706,41.98078347522814,-20.227048577318214,19.62760702237644,19.48356649037516,-7.344543499874357
19.896404051916512,29.910214616467403,-13.351705352125206,-4.892659738759014,-22.56144343567305,-23.168668105325533,11.163054532193573,-10.832230252956833,-10.752736089118244,4.053361482263058
24.41700299342256,36.70601973696087,-16.385304032802566,-6.004305460190404,-27.68755753388006,-28.432747797301353,13.699376792765456,-13.293386976950359,-13.195831195948838,4.974312905366806
36.34327841933599,54.634759856701805,-24.388565075329968,-8.937056898965944,-41.21130723849488,-42.32047928660391,20.390719740870075,-19.786427686044277,-19.641221621593658,7.403973326019619
6.3205598956191364,9.501681936138363,-4.241482690367718,-1.55426824098558,-7.1671722284438975,-7.360071401813183,3.5462063699895436,-3.441112270252492,-3.4158590826622692,1.287645443889717
-22.74025478518851,-34.18536833506966,15.260103319767772,5.591981784562566,25.78621597702247,26.480233029738034,-12.758622290774353,12.380512337873334,12.289655842653989,-4.632720194192702
-28.28607605764604,-42.52238763016167,18.98168895766441,6.955736581022504,32.074876612201436,32.93814834437228,-15.870154662589009,15.399832452616346,15.286818163269885,-5.762533313922203
18.682707871173424,28.08566817327653,-12.537240901664834,-4.594203674883729,-21.18517777186382,-21.755361262593354,10.482099490478632,-10.171455750557385,-10.096810792775857,3.8061032672933024
-18.44048007011162,-27.72152772372955,12.37469121583059,4.534638227440529,20.91050457876102,21.473295442355695,-10.346195427341865,10.039579291478532,9.965902131518842,-3.7567558155530207
-53.460459912395294,-80.3669761280693,35.87524192195161,13.14628709521617,60.6212629785427,62.252839721006694,-29.99446672680194,29.105561471760183,28.891965359212747,-10.89114236258678
6.494749929267548,9.763541379527167,-4.35837486839555,-1.597102743255479,-7.364694282226186,-7.562909616513935,3.643937238316703,-3.535946821628026,-3.5099976745549832,1.323132015791968
19.24874856674067,28.93659573998124,-12.917088866392817,-4.733396893641979,-21.82703723058843,-22.41449589694663,10.79968165937559,-10.479626168233317,-10.402719649434262,3.9214189568429756
-30.599112184176853,-45.999569073585114,20.533877823033055,7.524527740522623,34.69773416963864,35.63159818542826,-17.16790416285161,16.65912231427232,16.53686651212147,-6.233752712055599
-9.279825468961434,-13.950338496129456,6.227331082411631,2.281971573165994,10.52281894077863,10.806032879343562,-5.206528651556858,5.052229836343761,5.015153188508389,-1.890516850173679
8.824055757846219,13.265181025484473,-5.921481700012924,-2.1698947320493396,-10.00600079966188,-10.275304957768633,4.950814999681602,-4.8040944225151385,-4.768838758612025,1.7976659316360295
-17.94116521013642,-26.970908939346195,12.039620372328878,4.411853340986156,20.34430859980288,20.89186071472166,-10.066050382232518,9.767736524420668,9.696054328836562,-3.6550337347355977
-18.307049835765028,-27.520942385031226,12.28515135880858,4.501826834295443,20.759201927439506,21.317920591366256,-10.27133320709504,9.966935661133228,9.893791608808588,-3.7295729652722
3.412805767425155,5.130462403238717,-2.2902016320031926,-0.8392319200452283,-3.869936702018503,-3.9740932043344657,1.914785043073243,-1.8580391604887687,-1.8444036241316937,0.6952681202105877
0.12996966171277968,0.19538306848389553,-0.08721760089795172,-0.03196041503092828,-0.14737854958288032,-0.15134513493631552,0.0729206351783338,-0.0707595853953431,-0.07024030414455407,0.026477850936014846
-43.94956281695936,-66.06926823184148,29.492847629933188,10.807493453063671,49.83642134176884,51.17773199736583,-24.658293283128536,23.927528949847417,23.751932709537385,-8.953550833594171
-2.0754835031242997,-3.1200691767920645,1.3927765099966916,0.5103753697249949,2.3534857623129675,2.4168281020274875,-1.1644684871492164,1.129958716831064,1.1216663226270054,-0.42282438910492637
-15.294810358324892,-22.992650287055284,10.26375423358553,3.761096862371085,17.34348568003947,17.810272851379427,-8.581289445270066,8.326977429910285,8.265868489956503,-3.1159095393913887
3.9541040472949334,5.944194758099599,-2.653445920849313,-0.9723408121680395,-4.483739602846336,-4.604416159153962,2.2184852594843125,-2.1527390262423527,-2.1369407848038335,0.8055432026985732
-2.434720475993199,-3.6601092226537073,1.6338465144467138,0.5987141604553745,2.760841012147841,2.8351470190460457,-1.3660215872798567,1.3255386615958216,1.3158109707068188,-0.49600933775354106
19.81217033744393,29.783586283465972,-13.29517937218338,-4.871946101140342,-22.465926970512275,-23.070580884700057,11.115794457174344,-10.786370760565752,-10.707213144410927,4.036201110325482
-0.6776063841999509,-1.0186439883319949,0.4547153728356861,0.16662797287642572,0.768368900676073,0.7890489849629958,-0.3801770912195508,0.36891029933724795,0.36620298836873744,-0.13804422199532906
51.459854552788656,77.35947107778227,-34.53271323095543,-12.65432476521161,-58.35268497117548,-59.92320460375056,28.87200928834153,-28.01636877925094,-27.810765892505415,10.483572397447396
-18.073927965880767,-27.170490859125533,12.128712310339855,4.444500596648137,20.494854366579343,21.046458310174756,-10.140538107670316,9.840016758350746,9.767804121977983,-3.682080604059778
-3.087966321766025,-4.642132074290515,2.07221447443084,0.7593517128886997,3.5015863830467886,3.5958290072284917,-1.7325309816539942,1.6811863150479116,1.6688486433726641,-0.6290907499923986
-37.67026508130111,-56.62961559792021,25.27905437533248,9.263371855071874,42.716038165535686,43.86570894071835,-21.135237415137123,20.508881101621363,20.35837318992022,-7.674311453907017
-28.462516898151122,-42.78763070588762,19.100091564907316,6.9991245718553925,32.27495095892314,33.14360754510122,-15.969148366130863,15.495892414275211,15.382173172564181,-5.7984784276691546
27.095908712518693,40.733212026902784,-18.18301379654499,-6.6630664162683235,-30.725291372275173,-31.552240009524425,15.202400683456645,-14.751867790844823,-14.643608700361536,5.520068471451246
-24.18362809382885,-36.3551878321237,16.228695185906105,5.9469170008336585,27.422923051048365,28.160990871844316,-13.568439728770791,13.166330316808999,13.069706962715163,-4.926768996102008
-4.465044078073191,-6.712289632773697,2.9963179657553347,1.0979844064067805,5.063117895192299,5.199387992452948,-2.505152710113851,2.430910903150423,2.4130712500873415,-0.9096336019033178
16.098216255926,24.200408370309034,-10.80288878246883,-3.958659782726832,-18.254504408213503,-18.745810979114026,9.032047472851605,-8.764376954301252,-8.700058083553632,3.279582055865319
-0.272872465151039,-0.4102084966859181,0.18311413177466918,0.06710117670393423,0.30942258066300354,0.3177504620267051,-0.15309752460127335,0.14856038128776206,0.1474701456655243,-0.055590484437656684
37.18765644871911,55.90411124353426,-24.955194433314155,-9.144695142433244,-42.1687861426498,-43.303728031812334,20.864465547559305,-20.246133731968442,-20.09755403652226,7.575992821192717
0.35340000849944975,0.5312653518745716,-0.23715304396769454,-0.08690344188580967,-0.40073644871314507,-0.4115219757287871,0.19827821933365852,-0.19240211716017086,-0.19099014150351934,0.07199582289067741
-24.28056227925208,-36.5009087514474,16.293743959490616,5.97075376978407,27.53284116166286,28.273867347627103,-13.622825516026097,13.219104346384762,13.122093701100143,-4.946516750142578
31.266253919439517,47.00248158125439,-20.981570775693747,-7.6885823857564155,-35.45423672580055,-36.408461451935075,17.542209969670093,-17.022335328486623,-16.897414025863018,6.369665041030608
19.12071919325561,28.7441295019536,-12.83117331769721,-4.701913608552154,-21.68185886265568,-22.265410159932635,10.72784964017217,-10.409922936980413,-10.333527947197624,3.895336387865762
-34.13055347500183,-51.3083759634339,22.90369115515033,8.392932934663534,38.70219712291653,39.74383831621135,-19.149250721951166,18.581750397578187,18.445385062276188,-6.953189654919875
-37.57488782958709,-56.486235213160654,25.215050399596056,9.239917946604947,42.607885533332365,43.7546454599007,-21.08172515939301,20.456954715890326,20.30682787480146,-7.654880883570133
-54.409049914977146,-81.79298911444738,36.51180389472802,13.3795517646565,61.69691261005658,63.35743967185721,-30.526681588335926,29.622003804596183,29.404617692163132,-11.084392266885677
26.95931409379402,40.52786967705663,-18.091350443853788,-6.629476879695709,-30.570400480638042,-31.39318034336829,15.125763057197707,-14.677501369783023,-14.569788029927448,5.492240962280331
36.36265127286873,54.66388301912784,-24.401565446227345,-8.941820814106453,-41.2332750040281,-42.343038298402334,20.401589052724926,-19.796974878872483,-19.651691412053644,7.407920028052123
-41.40335809621363,-62.24156502194258,27.78418836120907,10.181364566088705,46.94916324061387,48.212765466266035,-23.229722468339745,22.541294747208845,22.375871622337637,-8.434829555412605
34.26770596367349,51.51455695778081,-22.995728872733693,-8.42665965521281,-38.85772060882651,-39.9035476024503,19.226201346107814,-18.656420540644284,-18.519507225799003,6.98113081520832
-9.709774630753458,-14.596679999338456,6.515853295252745,2.3876989673284723,11.010357978922112,11.306693672405945,-5.447755454482228,5.286307728280626,5.247513260028032,-1.9781075206883894
-37.18845228597231,-55.90530762369325,24.955728488839235,9.144890844172973,42.169688578945596,43.30465475651781,-20.8649120591316,20.24656701088397,20.097984135746792,-7.576154951799831
6.975990765706488,10.486989529380693,-4.681316935453344,-1.7154431056118016,-7.910395298446111,-8.12329777454941,3.91394169169776,-3.797949519896009,-3.770077621465584,1.4211719965354102
14.562260781403086,21.891410334058698,-9.772168614326773,-3.5809579884168694,-16.51281417777092,-16.957244436088327,8.170285986887562,-7.928154322567998,-7.869972213811228,2.966672107783389
-13.463703232136652,-20.23995150856634,9.034969235389479,3.31081528936529,15.26710947937751,15.678012511206802,-7.553930498869977,7.330064924668397,7.276271996669104,-2.742870317036337
38.97695592225765,58.593960682006795,-26.15592393674915,-9.584695932119736,-44.197754731967876,-45.38730481962165,21.868367938434403,-21.220284831749566,-21.064556162793675,7.940514849763816
-26.739175980708783,-40.19693660038291,17.943624291177276,6.575343435277905,30.320775796024236,31.13683719381744,-15.00225261005497,14.55765123394096,14.45081743468895,-5.447393695104335
-0.6475245452545355,-0.9734220348288418,0.4345286170278855,0.15923064610862514,0.7342577263132504,0.7540197334105088,-0.36329940781001846,0.35253279689816264,0.3499456750164631,-0.13191584990463567
-12.78713581804675,-19.222869401410996,8.580951075112544,3.144442806235344,14.499918714474504,14.890173370675399,-7.174336331075462,6.961720273446684,6.910630505311005,-2.6050377574808223
-4.280194397552879,-6.4344055688131405,2.8722725119988874,1.0525286251890162,4.853508379810579,4.984136991006878,-2.401441152059321,2.330272903622637,2.313171799633582,-0.8719754113541802
0.6841132067141906,1.0284256783984205,-0.45908184914778616,-0.16822804434962269,-0.7757472846151003,-0.796625952683371,0.3838278018890957,-0.37245281885512505,-0.36971951050468554,0.13936981347820865
56.10494256587927,84.34242030928112,-37.649851700984684,-13.796583187655113,-63.619962926911015,-65.3322474747389,31.47817725023384,-30.54530128241855,-30.321139394428684,11.429885147472683
44.21850394563077,66.47356676019703,-29.67332359421895,-10.873627887653646,-50.1413860000163,-51.49090455527132,24.80918509641675,-24.07394898749127,-23.897278218834828,9.008340413113594
-37.45989907914519,-56.313372911248095,25.13788590742435,9.211641438536994,42.47749452488358,43.620745073283956,-21.017209697783848,20.394351211355715,20.244683796731227,-7.631454993609388
13.566723550621319,20.394821696550714,-9.10410217690495,-3.336148679419536,-15.383928934900826,-15.797976076524831,7.611730965234023,-7.386152437147887,-7.331947901400024,2.763857958307924
-34.61402256188471,-52.03517383662555,23.228128514689146,8.511821238809054,39.25042485432682,40.30682119411965,-19.420505355070834,18.844966225706568,18.706669236287404,-7.051683582240737
-16.523278413839645,-24.839403252769277,11.088131516482099,4.063185429726532,18.7365018489264,19.240781026723525,-9.27053237876629,8.995794207103561,8.929777041491468,-3.366177129726858
-37.0867652444838,-55.75244174769381,24.887490257823146,9.11988531591037,42.05438098724722,43.18624374572852,-20.807859639689788,20.191205376476496,20.043028782108212,-7.555438930143895
-7.752817524946149,-11.654791260188162,5.202615255086897,1.9064700368605334,8.791274724807304,9.027885423312274,-4.349787257199536,4.220878522583388,4.18990288774352,-1.5794297227093002
-4.836394405935593,-7.270539655002736,3.2455167730923975,1.1893019527014035,5.484209032818221,5.631812488587926,-2.7135021158486445,2.633085740644699,2.6137623931548486,-0.9852863234431304
17.990462814668852,27.045017905358122,-12.072702083404161,-4.423975953910771,-20.40020941048558,-20.949266054642358,10.093709241907181,-9.794575696052954,-9.72269653664356,3.6650768063810184
-40.60974640210141,-61.048530540380106,27.251626322554323,9.98621010632504,46.04925060816626,47.28863234666243,-22.784459565774803,22.10922749628093,21.946975170407935,-8.273152346586611
-41.496351177605085,-62.38136128939909,27.846592412679126,10.204232191018308,47.054612352938264,48.321052663954035,-23.281897064109963,22.59192311537707,22.4261284456162,-8.453774414656788
35.43015059612622,53.26205707617895,-23.775800396219527,-8.712512618235548,-40.17586979567204,-41.25717380595112,19.878401250616456,-19.289292082767425,-19.147734332484248,7.217947894623907
37.48188924525879,56.34643067315288,-25.152642655318434,-9.217048968466118,-42.502430180975935,-43.6463518542348,21.02954747615111,-20.406323351749617,-20.256568077536862,7.635934903249385
15.161317495660267,22.791970799362584,-10.174172349127467,-3.728270068500864,-17.192112011600933,-17.65482507189947,8.506392086848145,-8.254299702732236,-8.193724120638908,3.0887139302617204
5.1718830668142495,7.774878922645691,-3.4706502061159163,-1.2718008735922428,-5.864634984461194,-6.022477325144106,2.901731014223893,-2.815736354917062,-2.7950725948328525,1.0536331871373577
29.21212514516586,43.91451491511363,-19.603124596280637,-7.183458287658549,-33.124966068176406,-34.01650018634342,16.38972274315762,-15.904002799950497,-15.787288570771,5.951191108177048
47.20321853393089,70.96048076093871,-31.67624983351264,-11.607589303985858,-53.52589051549808,-54.96650052251283,26.48378577427233,-25.698921800440942,-25.510325892454063,9.616396377206208
10.550911997884656,15.861159706685433,-7.080307970443985,-2.5945403101254008,-11.964162147788183,-12.28616877952578,5.919683058779498,-5.74424945540662,-5.702094303912008,2.1494668173897136
15.838811892114247,23.810446436795203,-10.628812571328725,-3.8948705028364294,-17.960353924244917,-18.44374365104082,8.886506346346351,-8.623149032406488,-8.559866586780888,3.226735337741685
-38.4021457278264,-57.72984994951911,25.770191101337367,9.44334623453701,43.5459511370032,44.71795840990934,-21.545865564168494,20.907340022145807,20.75390795189454,-7.82341260879403
20.473417944935466,30.777638163548907,-13.738917004219168,-5.034551340664154,-23.21574590535428,-23.84058064513094,11.486793311160689,-11.146374825615634,-11.06457525840722,4.170912668024599
-1.1998693443277357,-1.8037605944731308,0.8051857966248095,0.29505595169082643,1.3605867809887293,1.397205974302972,-0.6731973721124467,0.6532467363101357,0.648452774044693,-0.24444136595515897
38.51142235456741,57.89412523011046,-25.843522408759206,-9.470218092921478,-43.66986490687967,-44.84520722783774,21.607176187948607,-20.96683366627549,-20.81296499179929,7.845674805952262
5.142680141314081,7.730978237533964,-3.451053255044715,-1.2646196775592342,-5.831520450291647,-5.988471537623267,2.885346453023412,-2.799837360694169,-2.7792902780828417,1.0476838702113973
3.2480301587905362,4.882755641506278,-2.179627109593728,-0.7987124882829648,-3.683090095763017,-3.7822177589853094,1.8223362216699526,-1.768330119189459,-1.7553529278878575,0.6616994862246044
-12.214070620468073,-18.361381918342133,8.196389239432962,3.0035222151294816,13.85009385132901,14.222858948895038,-6.852813002820733,6.649725495197779,6.600925353800056,-2.4882910130625984
23.992042490667714,36.06717767244745,-16.10012951562507,-5.899804810878795,-27.205675364605597,-27.937896123576394,13.460948921382153,-13.062025068424518,-12.966167176134086,4.887738541031667
5.033996703233381,7.567594695977064,-3.3781200135341756,-1.2378936882608764,-5.708279324193999,-5.861913467186692,2.824368643019392,-2.740666667190901,-2.720553818776404,1.0255425194162129
0.2621216948166847,0.3940468904401797,-0.1758997066233654,-0.0644574898830168,-0.2972317899977419,-0.3052315651897093,0.14706570924447337,-0.14270732264688135,-0.14166004069085325,0.05340030181650279
25.852196605027657,38.863542715850926,-17.34840682139707,-6.3572292338784475,-29.314989274961366,-30.10398066769328,14.504604938957039,-14.074751670686648,-13.971461712001393,5.266695312242467
29.126662547431337,43.78603920496768,-19.545773960426974,-7.162442459370462,-33.02805611602515,-33.9169819740492,16.341773192249622,-15.857474264730733,-15.74110149311958,5.9337803840619046
6.167243696893852,9.271202076758321,-4.138598133653527,-1.5165667552876876,-6.993319971710111,-7.181540039353543,3.460186952482087,-3.357642093341787,-3.3330014658397467,1.256411358931525
-56.59136698026015,-85.07366091893388,37.976272266225855,13.916198226733563,64.1715418394697,65.89867172837343,-31.75108999614286,30.810126084100524,30.584020734267455,-11.528981143922042
2.736746570517127,4.11414429770608,-1.8365245165728403,-0.6729844109426457,-3.103322227844835,-3.186845864973858,1.535476015050751,-1.4899711987391022,-1.4790367917129021,0.5575390963464613
0.4551308185024894,0.6841970249727964,-0.30542064633692156,-0.11191973312087633,-0.5160936715338984,-0.5299839534256776,0.25535519549000085,-0.24778758052819327,-0.2459691492297793,0.09272076121368933
-34.85037753343645,-52.390485676208975,23.38673717233575,8.569942517928098,39.518438577183005,40.582048309363046,-19.553114414954358,18.973645331066468,18.834404008149477,-7.099834601657585
16.805134433178733,25.26311670407322,-11.277274163169347,-4.13249572290056,-19.056111292961106,-19.56899252406324,9.428670206380735,-9.149245518792663,-9.082102224633834,3.423597773645824
-11.65675050330545,-17.52356397541577,7.822393316765196,2.8664734453253082,13.218123055695925,13.573879123733215,-6.540123592033678,6.3463028356077436,6.299729412997439,-2.3747519086946562
-34.67904516422532,-52.13292215264556,23.27176266211673,8.527810734586842,39.32415695993345,40.38253774516291,-19.456986864687323,18.880366582392234,18.74180980143536,-7.064930202640898
-22.82596173192507,-34.314211374461266,15.31761792876299,5.6130576999156965,25.883403007693712,26.58003577791699,-12.806708935864162,12.42717390440092,12.335974975340356,-4.65018069789769
-3.1480098717195286,-4.732395393268028,2.1125073728451946,0.7741168261555536,3.569672513204676,3.6657476255430446,-1.7662189496249106,1.7138759184860035,1.7012983485967395,-0.6413230213116123
19.703942710383995,29.620887961480413,-13.222552007776564,-4.845332198841426,-22.34320270939863,-22.94455359028868,11.055072383999335,-10.727448224966587,-10.648723021859613,4.014152618864574
-15.601660261062296,-23.453936980970912,10.469669306378968,3.8365533197815784,17.69143683270943,18.167588853614003,-8.753450313561553,8.494036200473856,8.431701271322293,-3.17842202020684
-20.327369997024068,-30.558084647500174,13.640909888827498,4.998637166785805,23.05013545096759,23.67051290707166,-11.404851810445498,11.066861713818156,10.985645667102645,-4.141159295250157
7.877366629995214,11.842025619351057,-5.286195330569221,-1.937097500505827,-8.932506657029636,-9.17291850919895,4.419666640829411,-4.288686985870068,-4.25721372709087,1.6048032798475096
29.96065807881423,45.03978260843634,-20.10543602654495,-7.367527576663756,-33.9737618303744,-34.888140662700465,16.80969380605201,-16.311527751094594,-16.191822830757502,6.103684722276295
-18.838373156776647,-28.319679409104722,12.641701839505942,4.632482816863656,21.361693765752506,21.936628054735838,-10.569436884081213,10.256204844496501,10.180937941076682,-3.837815916028374
-19.8187601752247,-29.793492770175625,13.299601556822244,4.8735665866265965,22.473399489262547,23.07825452080093,-11.119491744297829,10.789958476214496,10.71077453099826,-4.037543613954039
-2.5925959952519406,-3.897443097226919,1.7397906544006663,0.6375368137749144,2.939863291165672,3.0189875511400484,-1.4545990521415995,1.4114910764871427,1.4011326091844047,-0.5281722626260899
9.529398484541371,14.325520988352501,-6.39480985692634,-2.3433432583218874,-10.805821208896248,-11.096651945529038,5.346553812656985,-5.1881052620052195,-5.15003146925168,1.9413606933990297
26.81912732755915,40.31712726081232,-17.99727654024029,-6.595004009860812,-30.41143628848627,-31.229937746807636,15.047110024615117,-14.601179270256342,-14.49402603310745,5.463681648894012
32.91789750533561,49.48539326696201,-22.089924750013445,-8.094732665696835,-37.327111002069486,-38.33174276297332,18.46887929991673,-17.921542218915775,-17.790021933607786,6.706143355203826
-7.438861641217773,-11.18282216276154,4.991931633957695,1.8292661708726818,8.435265774971365,8.66229475422271,-4.173639515043833,4.049951031719099,4.020229777338823,-1.515469587857098
-19.041607105352124,-28.62520049740707,12.778084262774406,4.682459413395859,21.592150044335803,22.173286894694748,-10.68346309931194,10.36685181972091,10.290772914656795,-3.8792194106947786
15.455663889971843,23.234461000228542,-10.371696802192142,-3.800651828990819,-17.525884863641274,-17.997581174962605,8.671537750480688,-8.414551168725335,-8.35279955399648,3.1486791548335766
15.630707598952176,23.49760377161591,-10.48916184863723,-3.843696255773483,-17.724374938964687,-18.20141346479287,8.769747580948842,-8.509850487891692,-8.447399502902545,3.1843396403083366
-2.1436702947806943,-3.2225742107232875,1.438534022194741,0.5271429609631837,2.430805887045125,2.496229241094202,-1.202725293336373,1.16708175803514,1.1585169300800704,-0.4367156286564544
19.875937117796614,29.879446725421875,-13.337970786164576,-4.8876267818345935,-22.538235042073737,-23.14483507486837,11.151571376690146,-10.821087408130186,-10.741675017953307,4.049191890501393
31.274506904480617,47.01488827309486,-20.987109033976836,-7.690611850353628,-35.4635951633702,-36.4180717649744,17.54684038036275,-17.026828513989194,-16.90187423735967,6.371346366540083
-9.593065312706047,-14.421231172433314,6.437534196869429,2.3589993601000225,10.878015940095814,11.170789744862887,-5.38227465310834,5.2227674924442375,5.184439325017969,-1.9543311109833907
-13.720090431909895,-20.625377746901812,9.207020744722342,3.3738626283010293,15.557838662913415,15.976566457060532,-7.697778818644589,7.4696502072454685,7.4148329089121345,-2.795102368486154
-26.364792136127768,-39.63412630003231,17.692389808383382,6.483279926794475,29.896244814913057,30.70088027333773,-14.79220122277287,14.353824854213912,14.248486869512202,-5.3711229754684435
-32.89310866427078,-49.44812826397916,22.073289919867516,8.088636922750919,37.29900180032322,38.30287702271954,-18.45497130006537,17.908046391558354,17.776625147674515,-6.701093290212185
-14.466809925546642,-21.747919300375315,9.708115245704084,3.557485980195673,16.404578082460812,16.84609524581571,-8.116732434884419,7.876187864419036,7.818387120352802,-2.947226542566279
-28.421303025900993,-42.725673994465794,19.072434533150822,6.988989803134855,32.228216662358285,33.095615429289396,-15.946024956382523,15.473454281602372,15.359899705943784,-5.790082200799327
-38.106674687778984,-57.28566907152184,25.571911942123215,9.370687916087249,43.21090299767536,44.37389269613859,-21.38008890803874,20.74647626352276,20.594224719320607,-7.763218267659456
2.331091278557743,3.504323708460337,-1.5643049778743205,-0.5732310429669376,-2.643331120907013,-2.7144744354405566,1.3078795039626465,-1.2691196562006266,-1.2598060057773202,0.47489765364084024
37.364813679416514,56.17043126685065,-25.074077782239836,-9.188259298438595,-42.36967283700777,-43.5100214439172,20.963861188193025,-20.34258371905571,-20.19329620897703,7.612083880327806
53.48487022531267,80.4036720906316,-35.891622736533755,-13.152289755541602,-60.648942949893055,-62.28126467844393,30.00816235006801,-29.118851216448597,-28.905157574849724,10.896115312567643
-13.13316528312064,-19.74305463372612,8.813158033152037,3.229533781859571,14.892297366565105,15.293112605827707,-7.368479241436873,7.150109634167722,7.0976373386709275,-2.675532028797327
-7.9242492240255835,-11.912504106095,5.317656421729385,1.9486262460852952,8.985668976741966,9.227511653677315,-4.445970537373039,4.314211349572563,4.282550775909662,-1.6143543575364951
28.40311987185774,42.69833930431681,-19.060232523454783,-6.984518443110254,-32.20759795154207,-33.07444178102427,15.935823136012246,-15.46355479872056,-15.350072872100604,5.786377868296195
10.62051133887482,15.965788222509115,-7.127013389733714,-2.6116552567568685,-12.043084026878095,-12.36721478299166,5.958732388339275,-5.782141533044972,-5.739708304094703,2.1636458261806646
-20.12714607334027,-30.257088522114557,13.50654737656162,4.94940075564398,22.823092377411516,23.43735913604492,-11.29251439646356,10.957853491134589,10.877437419799168,-4.100369012846873
0.5769973699240971,0.8673987079541803,-0.3872005640856315,-0.14188753876485238,-0.6542837333875298,-0.671893299238139,0.32372950853772586,-0.31413557696453687,-0.3118302396111332,0.11754781962181227
-13.12789108103463,-19.735125938876934,8.809618720619163,3.2282368200501397,14.88631670736048,15.286970981575783,-7.365520103426486,7.147238192109786,7.094786969178852,-2.6744575508399366
16.907119501407735,25.41643060292876,-11.345712388376123,-4.157574537945559,-19.17175683082454,-19.687750576590286,9.48588983637715,-9.204769408362722,-9.137218642697906,3.444374510298677
-29.533909460828255,-44.398252474753114,19.81906157456318,7.262587217775641,33.489852035377325,34.39120679119664,-16.570262696707573,16.079192336207907,15.961192448823882,-6.016746077170387
-2.577143680074389,-3.8742136703377064,1.7294212047895412,0.633736985416856,2.922341203560343,3.0009938694238265,-1.4459293932160184,1.4030783484631435,1.3927816193956737,-0.5250242656820672
1.2923144195391831,1.942733045605232,-0.8672221023943205,-0.3177888182104933,-1.4654144840172485,-1.504855037920561,0.7250645041391972,-0.7035767526200907,-0.6984134349708517,0.26327458356117694
-4.363899392127447,-6.560239078509813,2.9284436885162455,1.0731122470243668,4.948425305273572,5.081608535764209,-2.4484045840752096,2.3758445442159912,2.3584090049925397,-0.8890280707189755
4.216646655803945,6.33887440704428,-2.8296280863322867,-1.036901807562435,-4.781448686149744,-4.910137863647886,2.3657871261011643,-2.295675507586459,-2.278828302471844,0.8590292544497622
-37.82221713409141,-56.85804474011652,25.38102350659926,9.300737888098201,42.88834355474157,44.04265180284736,-21.220491466429547,20.5916085944356,20.440493572959824,-7.705267630526862
-0.8327730623147076,-1.2519056687656445,0.5588417145228775,0.20478450391732217,0.9443195007067597,0.9697351660872933,-0.46723473665410964,0.45338793562468016,0.45006067115601844,-0.16965529275766533
-24.802916812235907,-37.286163018834756,16.64427583427304,6.099204266980416,28.125162880629283,28.882130970361917,-13.915897174684702,13.503490638510316,13.404392976058249,-5.052932549628619
21.11939790921648,31.748738233650364,-14.17240911284097,-5.193402163910195,-23.948252160588904,-24.592801767905897,11.84922611807179,-11.498066703888234,-11.413686186022446,4.302513850765869
-15.582136552070157,-23.42458703790881,10.456567702231638,3.831752308267747,17.669298005264462,18.14485417589819,-8.742496362908893,8.483406877172872,8.421149953117984,-3.174444585399367
33.39631353850246,50.20459489709782,-22.41097120111629,-8.21237838990631,-37.869608844536295,-38.888841536188146,18.737298872286786,-18.182007005137798,-18.048575254701525,6.803607857647362
-25.222997047428866,-37.917668589287175,16.926175393103506,6.202504825634837,28.601511091090845,29.371299742839444,-14.151586928527628,13.732195575364885,13.63141952284018,-5.138512689655336
22.207971220738564,33.38518777942886,-14.902908456928719,-5.461089671666583,-25.182635274713633,-25.860407396398397,12.459979860662834,-12.09072036767905,-12.001990560114951,4.524281619455612
-14.38853826752943,-21.63025371198193,9.655590170693475,3.5382384524078634,16.315822266064842,16.75495063184816,-8.072817424690038,7.8335743037117425,7.776086286507616,-2.931280780561649
8.629115222060504,12.972127403956396,-5.790664664522251,-2.1219575415699947,-9.784948801523282,-10.048303507551386,4.841441877491647,-4.697962642935492,-4.663485845145566,1.7579519985542653
-9.511039663436613,-14.297922218347829,6.382489963876141,2.3388287005839103,10.785003301156731,11.075273739101826,-5.33625343271876,5.178110140431463,5.140109698577359,-1.9376205734189766
46.542882368676935,69.96779904969962,-31.23312383502479,-11.445208194245913,-52.77710510673617,-54.197562104756955,26.113298293063416,-25.33941395330832,-25.153456354795466,9.481870501545387
27.437327316783005,41.24646576365612,-18.412126584663703,-6.74702355016993,-31.11244155820306,-31.949810058189637,15.393956629333246,-14.937746853432413,-14.828123657837766,5.589623402897243
-27.841885177614753,-41.8546365874232,18.683609679881172,6.84650705244125,31.57118823774353,32.42090356747673,-15.620937416922217,15.158000919832475,15.046761352315178,-5.672041273290474
15.616706175162447,23.47655546613346,-10.479766035983696,-3.8402532113779966,-17.70849808352756,-18.185109295459572,8.761891957546485,-8.502227670926182,-8.43983262727567,3.181487223774274
-14.124533056375778,-21.23337533612733,9.478426509282528,3.4733177931739885,16.01645467066299,16.4475257776215,-7.924694951845119,7.689841535331347,7.633408325491159,-2.8774967625443906
17.53384826286924,26.358590387818165,-11.766285761177636,-4.311691360780671,-19.882433265838994,-20.417554345576598,9.837521584648517,-9.545980324294419,-9.475925524296757,3.5720537740945817
-36.82608129634326,-55.360556218248085,24.712555367251007,9.055781377616807,41.75877952402735,42.88268638636377,-20.661600591011094,20.049280808492266,19.902145751701795,-7.502331530853052
-38.020003215377024,-57.15537606310163,25.513750077349748,9.34937481737788,43.11262224719496,44.27296679148561,-21.33146110724197,20.699289578784597,20.54738432209296,-7.745561267584037
-43.076444399005496,-64.7567114905104,28.906931711478027,10.59278775450905,48.84635239524415,50.161016072747714,-24.16842242569876,23.452175729401407,23.280067949538104,-8.77567625105383
-2.3201260695309207,-3.4878397370627425,1.5569466512305388,0.5705346242275224,2.6308971683910922,2.701705832230391,-1.301727375869353,1.2631498503683543,1.253880010380377,-0.47266378485740224
14.218228067752529,21.3742268131811,-9.541301598751065,-3.4963580274137667,-16.12269973353292,-16.556630348279004,7.977263371679378,-7.740852056334944,-7.68404449711153,2.8965846212953363
-49.22133333915663,-73.99430771717996,33.03052843460186,12.103857324576763,55.814323284856165,57.31652477808755,-27.616067042996974,26.797647187705113,26.60098809661474,-10.027533424732084
18.41136253198031,27.677755401236578,-12.355151564912054,-4.527478028736522,-20.877486869238165,-21.43938908544575,10.329858773484467,-10.02372678483388,-9.950165961190079,3.7508238940252956
-6.319282078103161,-9.499760996251743,4.240625196575233,1.5539540170535777,7.165723252662513,7.358583427913505,-3.5454894391021403,3.4404165860716605,3.415168503878104,-1.287385122663474
1.892365096668053,2.844787732816547,-1.2698928471410826,-0.46534532045798316,-2.1458394178522804,-2.2035931088050678,1.0617282758132576,-1.030263277538976,-1.022702515270355,0.3855188994553249
16.08120693934504,24.174838307091157,-10.791474489582658,-3.9544770772388276,-18.235216765435467,-18.726004223605152,9.022504244434403,-8.75511654557767,-8.690865633914283,3.2761168614267158
-23.894182948900053,-35.920065667237765,16.034459771274964,5.875740490571937,27.09470795006822,27.823942102626766,-13.406043954715937,13.00874724565261,12.913280341725017,-4.867802270324768
-0.9042851336009985,-1.3594095872757155,0.606830692955528,0.22236980380892923,1.0254103122465281,1.0530084772259816,-0.507357220566071,0.49232136399784565,0.48870837994405925,-0.18422396931410479
8.712636753930367,13.097685114626394,-5.846712726331543,-2.1424960486908162,-9.87965769022627,-10.145561416392198,4.888302376124603,-4.7434344006427285,-4.708623900625943,1.7749672822878229
-21.855843786122286,-32.855835484700776,14.666609387954828,5.374499164268159,24.783341855786595,25.450367288541905,-12.262415630229729,11.89901107990053,11.811688163546851,-4.452545049540899
-26.659727918500124,-40.07750252650089,17.890309776924376,6.555806621777515,30.230686001058416,31.044322698227152,-14.957677567821298,14.5143972016671,14.407880829486695,-5.431208272132592
18.946816372518214,28.482701825018008,-12.71447387711838,-4.659149733871164,-21.48466249274215,-22.062906394642614,10.630279915204362,-10.315244753377446,-10.239544575545981,3.859908327931183
-8.890009564535124,-13.364329218680126,5.965740742574757,2.1861132172471045,10.080788840510682,10.352105863775115,-4.98781896978358,4.840001756234794,4.804482580256775,-1.811102260077288
20.11161966575572,30.233747712294615,-13.49612820640882,-4.945582707464104,-22.805486273033868,-23.419279176306674,11.28380316733376,-10.949400424866024,-10.869046387794935,4.097205921551742
-58.494557401280446,-87.93472233486543,39.253429568829105,14.384205567347502,66.3296565882013,68.11487054956729,-32.81889191650805,31.84628300984048,31.612573646199195,-11.916705414390538
-30.356771928032636,-45.635259570593014,20.371252672953005,7.464934639617376,34.42293345856955,35.34940141517197,-17.031937005790216,16.52718463109776,16.405897076072193,-6.18438235059261
-3.347958852273212,-5.032978197331509,2.2466853814363184,0.8232856269302227,3.7964038161582856,3.8985812348906954,-1.8784021043172459,1.8227344534529184,1.8093580066923387,-0.6820572913877241
-7.2220701906197515,-10.856920115462813,4.846451296722296,1.775955693296912,8.189436024166024,8.409848676334873,-4.052006742668265,3.931922924548431,3.9030678395044767,-1.4713041138727
25.454504628734192,38.26569335919604,-17.081531155094787,-6.25943409884996,-28.86402813622726,-29.64088224132178,14.281476316981148,-13.858235608501568,-13.756534589759346,5.185676182639618
30.998873885998012,46.6005298434667,-20.802142401891267,-7.6228318349959,-35.15104226490311,-36.09710673494037,17.392194022751305,-16.876765200350697,-16.752912188868052,6.315193493013689
8.784736549898563,13.206072558185799,-5.895096104011439,-2.1602258740394515,-9.96141494968959,-10.229519112410534,4.928754608198951,-4.782687804880036,-4.747589237080838,1.7896556920675009
-17.056325022009318,-25.64073089013193,11.44583842837735,4.194265180211525,19.34094780144209,19.86149519784346,-9.569602921346355,9.286001602378859,9.217854700443922,-3.4747711542635575
-0.6606842785434353,-0.9932050290794479,0.4433596038196441,0.16246671314202432,0.7491801503578905,0.7693437835318218,-0.3706827932675063,0.3596973709931115,0.3570576706660056,-0.134596794455768
-14.343958327772137,-21.563236799666996,9.625674301539348,3.527275945020214,16.26527103145103,16.70303884790484,-8.047805452815428,7.80930357766226,7.7519936753087215,-2.922198807245152
34.08009937665358,51.232528443151395,-22.869833365913884,-8.38052593212178,-38.644984910950406,-39.68508627960544,19.120943001130627,-18.554281594216153,-18.41811784339897,6.942910978515156
3.049630102478942,4.58450133139502,-2.0464885240078377,-0.7499245784098867,-3.458115188919118,-3.551187817857902,1.7110221047060146,-1.660314867460597,-1.648130364452865,0.6212807681369634
-36.92452179868843,-55.508541580045815,24.778614971720152,9.079988560041858,41.87040571636061,42.997316915629526,-20.716831510778714,20.102874924536394,19.955346558211136,-7.5223861567773795
-18.63907422269244,-28.020073818278508,12.507960051897415,4.583473866893248,21.135699580250545,21.704551401814363,-10.457618443744712,10.147700215341612,10.07322959159513,-3.797214075576958
4.366555256190384,6.564231632335476,-2.9302259359178917,-1.0737653418820332,-4.951436911123185,-5.084701196772025,2.4498946802396957,-2.3772904804251374,-2.3598443299529164,0.8895691321623793
-34.376172746659094,-51.6776148022733,23.068516725409864,8.453332367564325,38.98071605979311,40.02985338559023,-19.28705759984293,18.71547328027662,18.578126596859047,-7.003228028308321
10.020071000871992,15.063147759077298,-6.724081158682052,-2.464002934276502,-11.362217238738953,-11.66802296561917,5.6218499939646644,-5.455242864449462,-5.415208636971013,2.0413221272797424
3.980430628071935,5.9837714413587175,-2.6711126684960917,-0.9788146956643116,-4.513592518051785,-4.635072543633232,2.233256021884044,-2.167072047626801,-2.151168620873372,0.8109065411291161
-52.45352810405669,-78.85325805052278,35.19952902531264,12.898675782866508,59.479456902523474,61.080302773565414,-29.429518676020805,28.557356018730122,28.347783005127475,-10.686006871945592
22.88971825018789,34.41005638944304,-15.360402456253544,-5.6287358570929324,-25.955699442601667,-26.654278018239804,12.842480097743142,-12.46188496495979,-12.370431302878355,4.663169387446581
36.041050402961844,54.180421233035325,-24.185751571278914,-8.862736994535965,-40.86859705436771,-41.968545309728896,20.22115202304841,-19.621885216273526,-19.477886674719382,7.34240243123707
45.6497786481264,68.62519845279128,-30.633796554850814,-11.225587975201728,-51.76437391064603,-53.157573992780826,25.612214503781885,-24.853180103436138,-24.670790814719425,9.299924446816128
37.323882440803395,56.108899437870804,-25.046610414959094,-9.178194031232657,-42.32325903166323,-43.46235844511135,20.94089635256161,-20.32029946105416,-20.171175487792482,7.603745232520752
14.340611875373984,21.55820608611837,-9.623428627080866,-3.5264530298404946,-16.261476335872164,-16.6991420208832,8.045927895920597,-7.8074816633699715,-7.750185131444304,2.9215170568535918
-10.879474448971921,-16.355086820413604,7.300793492613844,2.6753360293874326,12.336734153058519,12.668768286514577,-6.104025945521643,5.92312922249248,5.879661331406856,-2.216402650632749
-12.725319934675795,-19.129941738024826,8.53946883245721,3.12924186424625,14.429822854315015,14.818190931953207,-7.139653979670394,6.928065755765164,6.877222967030766,-2.592444420514299
-17.615024959487286,-26.480623113498964,11.820760294961477,4.331653257122954,19.97448323850057,20.512081775604795,-9.883066492599015,9.590175479692679,9.519796346031315,-3.5885913602066433
-31.910019466213434,-47.97025272303719,21.413576874582112,7.846888668825572,36.18423195164519,37.15810396280939,-17.903400357934878,17.372821607986168,17.245328202196816,-6.5008150952862715
-15.660356512850424,-23.54217490997476,10.509058085230883,3.850987123356858,17.7579951997967,18.235938590237616,-8.786382367908482,8.525992292272925,8.463422847907253,-3.1903798154712693
-59.80701192703795,-89.90773195194642,40.13416691565081,14.706946973300568,67.81790886069768,69.6431780382604,-33.55525620644836,32.56082467186363,32.32187152272074,-12.184083007248317
7.386715970103227,11.104431705355962,-4.956938695822074,-1.8164431991966437,-8.376135411203313,-8.601572940168776,4.144382722271101,-4.02156128276075,-3.9920483713811707,1.5048462986330327
-0.8708696201759683,-1.309176129237052,0.58440683745496,0.21415270403763564,0.9875189317716728,1.0140972780920325,-0.4886091494266056,0.47412890396857765,0.470649428376519,-0.17741644999184336
-2.317632319786192,-3.4840908892875415,1.5552731924624839,0.5699213943723791,2.6280693913887028,2.698801947688114,-1.3003282353856003,1.2617921743100249,1.2525322978586875,-0.47215574988106623
15.061946383335627,22.642586453902403,-10.107488248381944,-3.703834042815127,-17.07943055800749,-17.539110879792247,8.450639040070945,-8.20019893324724,-8.140020378851148,3.0684697173830884
36.11799937177275,54.2960984260419,-24.23738904084539,-8.881659264140959,-40.955853012918354,-42.058149698279465,20.26432492669426,-19.663778663235732,-19.519472679496655,7.358078730605742
49.02603456839165,73.70071556190052,-32.89947100150581,-12.055832041703658,-55.592865067674154,-57.08910617573986,27.50649292988432,-26.69132037369765,-26.495441580013782,9.987746510831137
5.350038583666498,8.04269966705025,-3.5902034661753697,-1.3156105148855273,-6.066653681192875,-6.229933206634655,3.00168675218756,-2.9127298404907647,-2.8913542772179692,1.0899276204418495
20.57510905322787,30.93051015316451,-13.807157964309667,-5.059557868981223,-23.33105810858775,-23.958996391571432,11.543848012319003,-11.20173867411949,-11.119532809893656,4.191629518183328
-29.29684538892963,-44.04187464638574,19.659977067166448,7.20429156610622,33.22103423117437,34.11515395334792,-16.43725578976484,15.950127174241512,15.833074453497375,-5.968450597476917
31.02338340046942,46.63737493547792,-20.818589786790167,-7.628858889651502,-35.178834725437156,-36.125647209125,17.405945303931958,-16.89010895349572,-16.76615801661139,6.320186652664454
19.574037562003753,29.425601875728496,-13.135377699274814,-4.813387648073399,-22.195897314437005,-22.79328357887649,10.982187944600259,-10.656723762665385,-10.5785175830524,3.987687910798824
-41.24957786385892,-62.01038758196407,27.68099240951731,10.143548971396537,46.774784794903674,48.03369375284038,-23.143442700635514,22.457571935746397,22.292763224964993,-8.403500935983006
48.32366379174246,72.64484332412857,-32.42813720504221,-11.883114337960533,-54.79641468865634,-56.27121992008265,27.112421555926737,-26.30892755760084,-26.115855018627556,9.844657204597292
-41.778611555884765,-62.805682612490514,28.036006408973947,10.273641918778786,47.37468031808777,48.64973502316738,-23.440261760906033,22.745594572834126,22.578672158949367,-8.511277435921468
0.45109807642372246,0.678134613857992,-0.30271442948202676,-0.11092805468721112,-0.5115207606670218,-0.5252879660234502,0.2530925896632299,-0.24559202847595962,-0.2437897096096524,0.09189919761016974
-25.611354702234166,-38.50148568371615,17.186787158157763,6.298004588152063,29.041887615353083,29.823528677619237,-14.369478446375492,13.94362973836099,13.84130204027468,-5.217630200298085
-21.65681164917522,-32.55663096934578,14.533046637560991,5.3255558215103855,24.55765020377272,25.21860131157502,-12.150746878801,11.790651703526644,11.704124000884054,-4.411997561887921
10.084018737097274,15.159280231545413,-6.766994005133483,-2.479728113238381,-11.434730504448751,-11.742487872585489,5.657728440382957,-5.490058030101517,-5.449768305609275,2.0543497723867272
7.485085721514996,11.252310707451894,-5.022950822082913,-1.8406329834907442,-8.487681375814145,-8.716121082441907,4.199573946597999,-4.075116879764007,-4.045210941528161,1.5248865109423382
-7.218015514115412,-10.850824730380731,4.843730360524847,1.7749586210403014,8.184838240849817,8.405127147059616,-4.049731830336856,3.9297154307027373,3.9008765457277743,-1.4704780817151912
15.898141783966066,23.899636915327378,-10.668626561460401,-3.909460122770306,-18.027630804809192,-18.51283123940367,8.919793910089172,-8.655450097852533,-8.591930605365036,3.238822220263344
28.51529093972558,42.866965791039284,-19.13550617809592,-7.012102064058967,-32.334793860723224,-33.20506107462468,15.99875771174138,-15.524624267941926,-15.410694172636628,5.809229730609278
-1.9579167201313528,-2.943331324971645,1.31388200013334,0.4814649060922642,2.2201714047291503,2.2799256864820947,-1.0985065974378792,1.0659516500185866,1.05812898255936,-0.3988732937947548
-14.226558550616843,-21.386750007306038,9.546891862818638,3.4984065492475818,16.13214604943225,16.56633090482866,-7.9819372632153165,7.745387434098148,7.68854659123372,-2.8982817349186196
13.541632231580497,20.357101979180523,-9.08726436551677,-3.3299785551024366,-15.355476739529793,-15.768758111224933,7.5976532574227775,-7.372491931234791,-7.318387645432676,2.7587462714988993
3.4882664992240295,5.243902333254741,-2.340840403411611,-0.8577882221471727,-3.9555050804879297,-4.06196459282614,1.9571229581011194,-1.8991223642560993,-1.8851853318215746,0.7106412309947696
47.40930503686397,71.27029008709643,-31.814546495413577,-11.658267362843691,-53.75958143606081,-55.206481062462906,26.5994124405075,-25.81112179627803,-25.62170248954098,9.658381003715782
-4.159037826789094,-6.252271197984896,2.7909690347428455,1.0227354085698028,4.716123397528623,4.843054392891101,-2.3334651799770967,2.2643114430618505,2.2476944084685107,-0.8472929925625479
22.04447584549343,33.139405589359654,-14.793193049510773,-5.420885057915884,-24.997240383709098,-25.6700227381493,12.36824932559426,-12.001708325838338,-11.913631748280665,4.490973798865646
-59.08066815217782,-88.81582116572028,39.646745769549355,14.528334147863204,66.99427440149591,68.7973760628787,-33.147734568532,32.165380199005284,31.929329086375702,-12.036109842237334
-14.83310854615356,-22.298575103679322,9.953924048162657,3.6475612776579682,16.819940857956514,17.272637205163534,-8.322247535313256,8.075612393062563,8.016348138178778,-3.0218501135341755
9.895577846248258,14.875997510049334,-6.640538629360899,-2.4333892292175707,-11.221048751265384,-11.523055032050069,5.55200200181879,-5.387464862340012,-5.347928035256357,2.015959968547918
-24.309138314387503,-36.543867033836406,16.312920228743316,5.977780809254893,27.565244836148008,28.307143143197543,-13.638858354809333,13.234662041709788,13.137537223632295,-4.952338354882379
6.630156641585977,9.967097952633857,-4.449241063154072,-1.6304001656434362,-7.518238152405496,-7.720586007119639,3.7199083791163967,-3.6096665089545317,-3.5831763574192936,1.3507175207263902
-14.085616721680445,-21.174872507184652,9.452311265900818,3.4637480044097884,15.972325657115555,16.402209064104852,-7.902860595985471,7.668654254608616,7.612376531231105,-2.8695685976522154
-41.61325141084461,-62.557097118636655,27.925039626845876,10.232978745578125,47.18717087924125,48.45717890557511,-23.347484980151165,22.655567291468923,22.489305558098494,-8.477589718238498
-43.35246788269785,-65.17165690551508,29.092160369627056,10.660663787891249,49.15934806008856,50.48243578589071,-24.32328785729051,23.602451624622326,23.429241019546055,-8.831908671448957
36.162827741410794,54.363488802377304,-24.267471621660565,-8.892682862109202,-41.00668595354737,-42.11035077014836,20.289476282364006,-19.688184642352194,-19.543699551184908,7.367211314882249
-4.318347499513944,-6.491761031888863,2.8978755794840723,1.061910729884242,4.8967719288189215,5.028564946642383,-2.4228472894021493,2.3510446563588694,2.3337911153299196,-0.8797480879400776
11.656416645883816,17.523062088386,-7.8221692779935745,-2.866391347537127,-13.217744479481134,-13.573490358417807,6.539936278356591,-6.346121073091589,-6.299548984376423,2.3746838941524326
-47.73890810602947,-71.7657815593877,32.03573033602974,11.739318977098684,54.1333334458108,55.59029233288473,-26.784339175281893,25.990568108685313,25.799831904668054,-9.725528835128184
-5.300077772398856,-7.967593704006447,3.5566767027733945,1.3033248149586891,6.010000830030722,6.171755585617689,-2.9736557944728954,2.885529598182481,2.8643536485135366,-1.079749438118728
20.62426534188348,31.004406679371034,-13.840144843778997,-5.0716457313801,-23.38679867472811,-24.016237174085674,11.571427585463534,-11.228500908928797,-11.14609864549164,4.201643800489205
-3.2596797337046475,-4.900268418436335,2.1874446876507876,0.8015771972025885,3.6963000820896124,3.7957832823858535,-1.8288723193338083,1.7746725154078558,1.7616487793530267,-0.6640727762984495
-27.398537823039533,-41.18815361440019,18.386096459327014,6.737484952449937,31.06845637541784,31.904641046534493,-15.372193438718265,14.916628628926693,14.807160413013936,-5.581721078464847
27.765263282840575,41.73945108400076,-18.6321916970197,-6.827665212544412,-31.484303163416982,-32.33168004522658,15.577948021074993,-15.116285542297613,-15.00535211017247,5.656431606530329
-15.2043269050518,-22.856626737293453,10.20303429624445,3.738846371895618,17.240882349932253,17.704908028045633,-8.530522898686424,8.277715382488084,8.216967960446802,-3.0974759499185165
0.3155175067699614,0.47431668145246864,-0.21173156580643182,-0.07758787960975189,-0.3577797456957841,-0.3674091246186313,0.17702390465857354,-0.1717776877295507,-0.1705170679556618,0.06427827388225449
-18.112332181991544,-27.22822382147659,12.154483890794928,4.453944452003791,20.538402665418367,21.09117867947336,-10.16208513484127,9.860925225554716,9.788559148839681,-3.6899044384538575
-5.140637752158352,-7.727907919007117,3.449682686868143,1.264117440312393,5.829204491724951,5.9860932467337555,-2.8842005524143524,2.7987254195844473,2.778186497142046,-1.0472677879126047
12.08764159864613,18.17132148498056,-8.111547624690944,-2.9724324672903846,-13.70673019541308,-14.075636765538171,6.781878875157878,-6.580893545893871,-6.532598539461677,2.462534473038776
-0.9956421873864088,-1.4967464185101278,0.6681368697298931,0.24483511853319673,1.1290042579691306,1.15939057786645,-0.5586139084904831,0.5420590271078742,0.538081034754982,-0.20283553158337786
-13.737777368561645,-20.651966474683036,9.218889762165883,3.3782119651275333,15.57789469011199,15.997162277491958,-7.707702231832012,7.479279533719815,7.424391568936579,-2.79870560993503
44.26423784280807,66.54231841382506,-29.704013839457346,-10.88487416094162,-50.193245759778236,-51.544160082355454,24.83484450636982,-24.09884796437658,-23.921994470343947,9.01765747446642
15.95097621885991,23.97906278960552,-10.704081702264144,-3.9224524660978144,-18.08754218935904,-18.574355094839753,8.94943713990893,-8.684214831548218,-8.620484244170775,3.2495858267309847
-3.5631956953453567,-5.356543207011649,2.3911224818350707,0.8762138160466435,4.040470726318224,4.149217026572654,-1.9991626503074684,1.9399161832264635,1.9256797784140351,-0.725906055566216
-32.47743104143678,-48.82324112971178,21.794344783496662,7.9864189961227625,36.827645913572375,37.81883493867652,-18.22175167106102,17.68173837580884,17.551977931784496,-6.616410064990303
2.3114976135417447,3.474868600681951,-1.5511564289516464,-0.5684128287957586,-2.6211129671239206,-2.691658296376522,1.296886303860334,-1.2584522466326016,-1.2492168808085111,0.4709059671599627
-11.6436707734523,-17.503901250130703,7.813616017177329,2.8632570516755065,13.203291351209728,13.558648234820595,-6.532785093215686,6.339181817907946,6.292660654097034,-2.372087262709032
21.64636414239131,32.54092525843953,-14.526035720820508,-5.322986709238709,-24.545803297531087,-25.20643555455817,12.144885212157622,-11.784963751132967,-11.698477790496312,4.409869161123992
11.031905430999267,16.584235935738167,-7.403084014722942,-2.7128198343382515,-12.509582622052228,-12.846268845024797,6.189548704324039,-6.006117459497322,-5.962040545121473,2.2474563963066316
33.0846360850337,49.736050958201176,-22.201816546196902,-8.135734805262253,-37.51618351108099,-38.52590401961538,18.562429463701783,-18.012319963609126,-17.880133490384054,6.740111892171209
-14.863253441670985,-22.343891849969957,9.974153118791136,3.654974110461435,16.854123535053137,17.307739883893337,-8.339160597173581,8.092024225489363,8.032639529582326,-3.027991331719048
19.504848892702743,29.32159072163144,-13.088947865833436,-4.796373688375754,-22.117441114776454,-22.712715788259572,10.943369026045835,-10.619055267654488,-10.541125524698039,3.9735925654076665
-0.6919272159480947,-1.040172459002143,0.4643255277862881,0.1701495618397848,0.7846079474201382,0.8057250937160809,-0.3882119212990922,0.37670701207513524,0.3739424836042975,-0.14096170937900254
-18.086802976018678,-27.18984582977295,12.137352230464028,4.447666648341375,20.5094539300081,21.061450810123958,-10.147761746670454,9.847026320177044,9.77476224294278,-3.684703543865408
19.472186654341513,29.272489660118545,-13.067029504022832,-4.7883418240152,-22.080403907382266,-22.674681751647043,10.925043586583588,-10.601272914341674,-10.523473670209075,3.966938505781993
7.737960298352507,11.63245642848382,-5.1926451463521435,-1.9028165447925884,-8.774427435391154,-9.01058470148258,4.3414514780190885,-4.212789779564162,-4.181873505340507,1.5764029591870679
45.58513217819624,68.52801557568635,-30.59041481530079,-11.209690972916551,-51.69106831879941,-53.08229543480198,25.575944026601128,-24.81798452510465,-24.63585352512486,9.286754453359254
-8.321146911073356,-12.50915940970674,5.583999071314411,2.0462260600395217,9.43572943453686,9.689685157944059,-4.6686535163000205,4.53029497562625,4.497048635526411,-1.6952116718974661
45.78793995156664,68.8328959958652,-30.726511248912445,-11.259562770095961,-51.921041337806855,-53.3184580086087,25.68973113244092,-24.928399477098242,-24.74545817821611,9.32807112619813
-9.359574826829181,-14.070225507024753,6.280847784499741,2.301582477297875,10.613250388685973,10.898898223213205,-5.251272738400999,5.095647903482657,5.058252624777921,-1.9067636540972779
-0.9132493703444826,-1.37288550202749,0.6128462446800249,0.22457416998932667,1.03557527068347,1.0634470180490112,-0.512386685355084,0.4972017773727533,0.4935529775754528,-0.18605019338148887
-49.62962504431451,-74.60809161981535,33.30451716798103,12.204259004311586,56.27730394141791,57.791966218775876,-27.84514273716899,27.019934076788292,26.82164369556031,-10.110711966286436
37.635546483392794,56.57742321622596,-25.25575607035732,-9.254834318051172,-42.67666915790845,-43.825280345183145,21.115758236853416,-20.48997920127689,-20.339610004385882,7.667238465888049
13.735305662340359,20.648250764881674,-9.217231095951758,-3.3776041559232453,-15.57509190927,-15.99428406186337,7.706315459063234,-7.477933858851293,-7.423055769531924,2.798202065738467
-35.4246339746296,-53.25376395283412,23.772098405419086,8.711156043860603,40.169614245999504,41.250749892756346,-19.875306101038706,19.286288659932133,19.144752950778198,-7.216824030179447
-26.156989586055055,-39.32173724448708,17.552941573780217,6.432179880389142,29.66060798993602,30.45890145638608,-14.675611753020563,14.240690588159323,14.13618285850865,-5.328788750138932
26.116180040691887,39.26038835666658,-17.52555587012133,-6.422144538372845,-29.614332178138863,-30.411380165122523,14.65271519446987,-14.218472583803415,-14.114127904756103,5.320474894084737
-3.4844994261744766,-5.238239301729358,2.338312466741929,0.8568618735168183,3.951233423895907,4.057577967736204,-1.95500940824712,1.8970714508073243,1.8831494693499167,-0.7098737903678085
-18.10709471773524,-27.220350354515233,12.150969231595194,4.452656524274074,20.53246366492076,21.08507983514191,-10.15914660891713,9.85807378473063,9.785728633799,-3.688837444849086
-27.272572605531003,-40.9987904169069,18.301566085677496,6.706509257214779,30.92561864844643,31.757958947113192,-15.301519532592415,14.848049189327675,14.739084255295031,-5.556059026195424
-6.601655538545601,-9.924252315476553,4.43011507792515,1.6233915524793643,7.4859194468533765,7.687397467358634,-3.703917581651824,3.594149609026731,3.5677733309004123,-1.3449111814017334
-1.2113148546577914,-1.820966601622649,0.8128664348513412,0.2978704797550622,1.3735653691411613,1.4105338716175604,-0.6796189775256751,0.6594780333291563,0.6546383416308452,-0.24677308331452363
31.197627678160465,46.899315923800785,-20.935518365891912,-7.671706730896766,-35.37641828902274,-36.328548589120196,17.503706606361902,-16.984973037039886,-16.860325923945897,6.355684275343142
-13.137780062574503,-19.74999202017605,8.816254832723061,3.2306685872031924,14.897530276257942,15.298486355439266,-7.371068404511912,7.152622065734763,7.100131332331653,-2.676472166987052
25.23523668321007,37.93606840324793,-16.934388938131107,-6.2055146344951515,-28.615390174448322,-29.385552371525755,14.158454085091366,-13.738859219340362,-13.638034264531129,5.141006188887808
-18.279233270221475,-27.479125811386577,12.266484740153444,4.494986553511523,20.727659450293977,21.28552917162896,-10.255726475484108,9.951791445021207,9.878758531101928,-3.723906082198812
-4.475375347919696,-6.727820604981705,3.0032508803937805,1.1005249352328121,5.074832995049167,5.211418395613027,-2.510949160989229,2.436535572487199,2.418654641831668,-0.9117383224924975
-6.288200888676519,-9.453036721661217,4.2197678154054925,1.5463109432728226,7.130478869037572,7.322390467604414,-3.5280510612128673,3.4234950056932827,3.3983711053950176,-1.2810531595752683
-34.11441994095753,-51.28412246192036,22.892864565969397,8.388965589998811,38.68390257005119,39.725051378900304,-19.140198859118883,18.57296679250534,18.436665917182914,-6.949902877806925
-14.649815106972321,-22.023030533444615,9.830922927631534,3.60248818666521,16.612096035875748,17.059198392441743,-8.21940912030949,7.975821660431349,7.917289736809367,-2.984508965636789
-39.63687199545145,-59.58601086989898,26.598768027742878,9.746973738393185,44.946063779110446,46.15575405483528,-22.238619723254985,21.579563967507447,21.421198667514844,-8.074955142875588
21.316709647256637,32.04535647761696,-14.30481737023028,-5.241922448991592,-24.171992973520307,-24.822564400390085,11.959929624385637,-11.605489440805167,-11.520320582916222,4.342710853042435
-25.879483053740955,-38.904562366186084,17.366717699200684,6.363939155364009,29.345930628363675,30.13575478488361,-14.51991424380337,14.089607274466946,13.986208295407012,-5.272254198155408
-21.822376784334846,-32.80552462433526,14.644150980610513,5.366269403161819,24.74539209030038,25.411396133006942,-12.24363867108638,11.880790587981902,11.793601385806735,-4.445727040838518
10.672046720127856,16.043261232687122,-7.161596786004955,-2.6243281540462675,-12.101522355032394,-12.427225935801857,5.987646772554831,-5.810199020943308,-5.767559887346636,2.174144785128202
-15.497925553713568,-23.297992853987928,10.400056966194523,3.8110442566949656,17.573807298947578,18.046793407396954,-8.695249032968663,8.437559752152206,8.37563928502103,-3.1572888412643505
-15.1378114283887,-22.756634187025654,10.158398338739548,3.722489768268918,17.165457405785784,17.627453076957302,-8.49320379864766,8.241502257909405,8.181020592041243,-3.083925196205584
18.321240273838704,27.542274835215593,-12.294674011619756,-4.505316358576181,-20.77529311482649,-21.33444486123635,10.279294878643261,-9.974661383439795,-9.901460634588174,3.732463888423653
-67.16494446667882,-100.96889359803536,45.07179016725723,16.516312133118884,76.1614054223598,78.2112336782389,-37.68348972894264,36.56671534673842,36.29836428763687,-13.683065449877063
11.795488252006637,17.732128087213557,-7.9154948408919505,-2.90058999199098,-13.375444140528476,-13.735434389948674,6.617963640435589,-6.421836044261257,-6.374708308354084,2.403016023418795
-7.010811519489318,-10.53933548174645,4.704683793275185,1.724005763449962,7.94988014529627,8.163845327035109,-3.933478185443846,3.8169070371223803,3.7888960157278815,-1.428265796088255
-26.62709146904719,-40.02844023338956,17.868408721050255,6.547781099083173,30.19367803688798,31.006318691898255,-14.939366597455509,14.496628888649797,14.39024291225616,-5.424559466308931
39.978988050800254,60.10031308312914,-26.828348848243373,-9.831102380213109,-45.33400483675319,-46.55413626094635,22.430566980268487,-21.765822744475464,-21.606090552772958,8.144652161371809
26.261423782690024,39.4787329119705,-17.62302331410463,-6.457860952601599,-29.77903070662299,-30.580511433463755,14.73420548830157,-14.297547860522748,-14.19262287410969,5.350064431360861
-22.466847522550673,-33.774355878654895,15.076630306134446,5.5247490975553015,25.47618696500551,26.161859814703153,-12.605224713284464,12.23166079595672,12.141896673091397,-4.577020759035704
54.62930329289295,82.12409546845355,-36.65960739716337,-13.43371355347233,-61.94666799873872,-63.613917043280324,30.65025670583747,-29.74191669424951,-29.523650580683377,11.129263016195583
23.679773912973253,35.597745097975775,-15.890578180156387,-5.823015864807008,-26.851579728328403,-27.574270263473892,13.28574785729047,-12.89201620021278,-12.797405946913392,4.824122149765939
-25.698746635304776,-38.63286175886365,17.245432496152844,6.319494852991437,29.1409853291692,29.925293533575736,-14.418510468041081,13.991208664623327,13.888531800495382,-5.235433975012579
-8.02137719254357,-12.058516339062027,5.382835235635597,1.9725106676036495,9.095806826879222,9.340613783110644,-4.50046504835794,4.367090880780481,4.33504224168513,-1.6341415897124225
69.0533148676193,103.80767611472203,-46.33900232897462,-16.980675130997177,-78.30271507184463,-80.41017510328984,38.742976745173024,-37.594803785859426,-37.318907924910846,14.067770536657836
47.995461939613946,72.15145829791625,-32.20789366685273,-11.802407292410724,-54.42425158305397,-55.88904031799589,26.92828098643901,-26.130244111967833,-25.938482871847214,9.777794833771196
36.03361341979365,54.1692412347764,-24.180760900215372,-8.860908190294262,-40.86016391867932,-41.95988520239096,20.21697943746738,-19.617836287941813,-19.47386746013679,7.34088734433797
-2.31880323548355,-3.485851123936712,1.5560589485891985,0.5702093304273106,2.629397146303873,2.70016543815105,-1.3009851880564582,1.2624296577672176,1.253165103035112,-0.4723942927139415
-8.804972498562016,-13.23649320937043,5.908675664587825,2.165202030084683,9.98436141830507,10.253083168365379,-4.940108167256721,4.793704893934798,4.758525475354009,-1.7937782267051894
-38.625364509631765,-58.065414187800734,25.919984571350778,9.49823723613831,43.799069132915434,44.977888890665,-21.671104447908547,21.028867371258283,20.874543451888638,-7.868887480028375
-55.44981494976283,-83.35756859697736,37.21022095788141,13.635482895222456,62.87708373046975,64.56937423066782,-31.110612071864374,30.188629133806835,29.967084745035166,-11.29642037473264
1.8339137334558124,2.7569179441983955,-1.2306684035178392,-0.45097173663258516,-2.0795587411325087,-2.135528536381095,1.0289336183808562,-0.9984405108087646,-0.9911132853255697,0.3736109937045109
-7.946544886798849,-11.946021120366762,5.332618176587308,1.954108899700244,9.01095104948271,9.253474174826064,-4.4584797173595145,4.326349811988785,4.2946001581551805,-1.6188965039701353
-10.647878949793604,-16.006929883785443,7.145378732346689,2.6183851365753035,12.074117413820915,12.39908341073759,-5.974087229963175,5.797041324091248,5.754498750490527,-2.1692212467275276
30.20999045178472,45.41460334322444,-20.272753315134462,-7.428840086181497,-34.25649122282028,-35.17847950896601,16.949583952474867,-16.447272163325312,-16.326571059534395,6.154479540990405
21.610860792634526,32.487553161247575,-14.50221079930559,-5.3142561964539405,-24.505544423855987,-25.16509314288439,12.124965741866582,-11.765634607117125,-11.679290496690946,4.402636300853363
53.63868978089752,80.63490864512394,-35.994845076520654,-13.19011502008087,-60.82336598601418,-62.46038218239866,30.094464180420424,-29.202595436718497,-28.988287223917638,10.927451943056226
48.58401359310446,73.03622653155504,-32.60284786266656,-11.947136107311112,-55.09163724754641,-56.57438817718601,27.258493128582092,-26.450670205533914,-26.256557464034046,9.89769653039717
-25.10907646744156,-37.74641206535644,16.849727708709644,6.17449098787473,28.472331330022648,29.238643203436396,-14.087670773456646,13.670173616534887,13.569852722702509,-5.115304410925536
-1.6519645201563096,-2.483394145381027,1.1085693408587245,0.4062291998361671,1.8732381983193198,1.9236550277831794,-0.9268493932690083,0.8993816171684021,0.892781352222118,-0.3365436959660957
54.80563185175977,82.3891697514726,-36.77793465655212,-13.477073933494264,-62.14661502417039,-63.81924549596031,30.749187412767085,-29.837915526241137,-29.618944908920888,11.165185255554457
-20.772255909277078,-31.2268805304451,13.939455575787523,5.108037608470732,23.554611954281114,24.18856702473179,-11.65445901012472,11.309071644077239,11.22607809859835,-4.231792930153354
-22.612996207002077,-33.99406083169313,15.174705021912438,5.5606880432271995,25.641911649166758,26.332044856947423,-12.687222733131797,12.311228751905624,12.220880706064253,-4.606794654192488
-15.168027524289904,-22.802057968675776,10.178675189185073,3.7299201097262307,17.199720820257227,17.66263866604904,-8.510156808116871,8.25795285407208,8.197350462706382,-3.0900809195690013
-17.320388113092257,-26.03769627673994,11.62304093076477,4.25920007250978,19.64038102954557,20.168987451227682,-9.717757868240616,9.429765882419312,9.360563941866776,-3.5285669637721497
-1.680551371576371,-2.5263686878637817,1.1277528685006928,0.413258899104227,1.9056541378848255,1.9569434185395984,-0.9428883006249933,0.9149452012201289,0.908230720265542,-0.3423675042353138
47.956023604803335,72.09217074750141,-32.18142812943221,-11.79270914030304,-54.379530649678024,-55.843115753563566,26.906153757769907,-26.108772637909148,-25.91716896985234,9.769760325282684
13.786944095299212,20.725878692432172,-9.251883646227327,-3.3903023943210564,-15.633647092471344,-16.05441521478835,7.735287661355297,-7.50604745135035,-7.450963045651438,2.808722018721615
-21.682135126000947,-32.59469968893533,14.55004024103759,5.331783034990131,24.586365653484506,25.2480896165128,-12.164954840803208,11.804438603464233,11.717809723311854,-4.41715654465157
-14.294250433383779,-21.48851104593736,9.592317260849171,3.515052439057132,16.208904974317136,16.645155739766636,-8.019916396366332,7.782241031284562,7.725129732029872,-2.912072149988263
-47.79303027163036,-71.84714327602788,32.072049622984125,11.752627982078629,54.1947050471632,55.653315705785516,-26.814704897873106,26.020033923615888,25.829081479704804,-9.736554782370252
-13.41315243489341,-20.163958621076052,9.00104655527374,3.2983845079140854,15.20978761610736,15.619147872112606,-7.525568524273984,7.30254347537633,7.2489525182129535,-2.732571940811729
16.853345206505047,25.335591839442067,-11.309626543959933,-4.1443510767128675,-19.11077969598275,-19.625132286976374,9.455719289736532,-9.175492985218302,-9.108157069563479,3.433419432430054
-31.024451569553836,-46.63898071139997,20.819306593648548,7.629121559622411,35.180045971264036,36.126891054743176,-17.406544609701378,16.89069049845437,16.766735293803453,-6.32040426361627
-4.219384248126054,-6.342989822758241,2.8314651783999523,1.037574999949391,4.7845529674140295,4.913325694361066,-2.367323076632666,2.297165939239053,2.2803077963382914,-0.8595869658454278
28.37545326932862,42.656748169697956,-19.041666539164396,-6.9777150392414296,-32.17622552432411,-33.04222498798336,15.92030054248493,-15.448492227206113,-15.335120839828745,5.7807415361859285
12.143606683151168,18.255453657015604,-8.149103623069763,-2.986194658439073,-13.770191566881934,-14.14080615318231,6.813278583798621,-6.611362704034356,-6.562844094503561,2.473935865837821
3.467965757995488,5.213384279568526,-2.327217363056878,-0.8527961331738736,-3.932485140616631,-4.038325088190572,1.945733046598166,-1.8880700000841895,-1.8742140773037037,0.7065054966006332
34.17602962640697,51.376740148485105,-22.934208437194144,-8.404115826530479,-38.753764612947506,-39.79679370733952,19.17476552134533,-18.606509049531248,-18.469962018651433,6.962454207448372
3.89340440414116,5.852945135849534,-2.612712743725769,-0.9574143611651058,-4.414909498571921,-4.533733543206281,2.184429184585437,-2.1196922249611627,-2.104136503093783,0.7931772698946069
-7.621924683053537,-11.45802037724108,5.114778143763044,1.8742826056066897,8.642849338954212,8.875465277276879,-4.276348663566831,4.149616328764603,4.119163663652899,-1.5527637984424274
-9.748263281135744,-14.65453989151942,6.5416815362738125,2.397163585640066,11.05400202164709,11.351512362466847,-5.469349854252507,5.307262164166563,5.268313918222717,-1.9859485563125596
-0.13749790992892486,-0.2067002652619374,0.09226951639671355,0.03381166196250196,0.1559151748873875,0.16011151723732464,-0.07714442582660985,0.07485820129928578,0.07430884165868035,-0.028011530653646255
35.24312255508379,52.980898288275384,-23.650293129174294,-8.666521163496306,-39.963790137566335,-41.03938617970496,19.773467504007865,-19.18746811502709,-19.04665761724734,7.179845921237842
15.230754827983125,22.896355767960557,-10.220769050681833,-3.745345176110077,-17.270850181646054,-17.73568242192663,8.545350520003582,-8.292103577739473,-8.23125056548049,3.1028599341091576
29.52420664690863,44.383666258773474,-19.812550392331303,-7.260201230494056,-33.47884957046743,-34.3799082030294,16.564818846622003,-16.073909818110433,-15.95594869738381,6.014769387708876
11.71166476274431,17.606116444748142,-7.859244147183826,-2.879977231513968,-13.280392848514197,-13.637824862263077,6.5709337259207565,-6.376199891420452,-6.329407064181771,2.385939223922855
-6.899338514047548,-10.37175839052906,4.629878581263478,1.6965938007525696,7.82347580105814,8.034038902766454,-3.8709352638502206,3.756217615115088,3.72865197336483,-1.4055561453699292
28.026204732014815,42.13172371410861,-18.807299386551936,-6.891832472076177,-31.7801966188477,-32.635537255557935,15.724351542999907,-15.258350301970768,-15.146374303447258,5.709591464786567
20.240570283506464,30.42759885453051,-13.582661966413385,-4.977292532722524,-22.95170928201514,-23.56943767011531,11.356152058829707,-11.019605210569628,-10.938735963739637,4.123476169468954
-40.24944539690334,-60.50689093737031,27.009842287261996,9.897609662879736,45.640688803360675,46.869074401132835,-22.58230948083809,21.91306825873764,21.752255480788165,-8.199750629739704
9.630829384357806,14.478001807214774,-6.462876201197197,-2.368285799622456,-10.92083834982616,-11.214764688280905,5.4034625215345145,-5.2433274448031355,-5.204848394670055,1.962024533023233
10.338504415800857,15.541847917996696,-6.937769477400721,-2.542307855338249,-11.723303466189888,-12.038827563519444,5.80050989484164,-5.628608064600424,-5.587301567118209,2.106194439651876
-27.23363696944378,-40.94025857222988,18.27543788988001,6.696934722108333,30.881467748167065,31.712619757799324,-15.27967434751508,14.82685140031808,14.718042029864971,-5.548126929159618
0.801706213558786,1.205202952469639,-0.53799395682125,-0.1971449566040666,-0.9090913786248755,-0.9335589049887396,0.449804404725743,-0.43647416276000195,-0.43327102288985886,0.1633262511984961
30.72917576139553,46.19509332501492,-20.621158446985802,-7.5565112500088745,-34.84521921431322,-35.78305268169342,17.240877490160184,-16.729933030232836,-16.607157571600858,6.260249695770238
-35.51929888340552,-53.396073474230434,23.83562435542813,8.73443478240213,40.2769591199334,41.36098387508437,-19.928418690438942,19.337827223687682,19.195913290018986,-7.236109479648256
-9.880987278813832,-14.854063546394347,6.6307474652492155,2.429801310432557,11.204503838877852,11.50606482550448,-5.543815834132352,5.379521296982249,5.3400427651038544,-2.012987529714814
-13.819660255920418,-20.775060815144084,9.273838193175974,3.398347518528453,15.670745444784735,16.092512041990656,-7.753643354381308,7.523859161643163,7.468644041679211,-2.8153870635690903
-30.757378148257573,-46.237489902885926,20.640083975369024,7.563446406853133,34.877199191915125,35.81589337689037,-17.25670069025491,16.74528729964632,16.6223991610971,-6.265995179643413
-6.762964240630019,-10.166747285233853,4.538363093764845,1.6630584485747888,7.668834769052459,7.87523582103012,-3.7944212642864947,3.6819711569921125,3.6549503855011327,-1.3777735256764445
-6.4084689029185355,-9.633835327685128,4.300475016830161,1.5758856578597964,7.266856276400322,7.462438372662497,-3.5955285007521463,3.488972708042715,3.463368288490636,-1.3055545586825994
-19.876208578817653,-29.879854812098138,13.338152953130932,4.887693535927677,22.538542864153303,23.145151181752976,-11.151723682311465,10.821235200076753,10.74182172530354,-4.0492471934417456
24.024080277337774,36.115339997289546,-16.121628832116468,-5.9076831183634315,-27.242004477639007,-27.97520300798881,13.478924006666677,-13.079467450530327,-12.983481554352565,4.894265385285859
9.137408787519998,13.736243853913543,-6.131760769159452,-2.2469503521655545,-10.36132614568595,-10.64019362435212,5.126624505205768,-4.974693700607358,-4.938186064889875,1.8615032510589762
-0.3436494195363373,-0.5166073157911306,0.23060980175641532,0.08450570639930977,0.38967980949422554,0.40016775519082515,-0.19280756463484217,0.18709358882134097,0.18572057070267434,-0.0700094005387113
21.850967091306636,32.84850436154031,-14.66333682713928,-5.373299952173323,-24.777811948274188,-25.44468854763273,12.259679517210412,-11.896356053345048,-11.809052621355251,4.451551553084206
-6.312671584431538,-9.489823457592838,4.236189150568865,1.5523284521446572,7.158227311251949,7.350885738748632,-3.5417805628072836,3.4368176247040703,3.4115959541005507,-1.286038410948258
39.43953735849567,59.2893582020496,-26.46634440377911,-9.698447822314236,-44.72229700005029,-45.92596475736305,22.12790336930077,-21.472128763698205,-21.314551895219182,8.03475347555592
45.139585878302306,67.85822693364695,-30.291425967798947,-11.10012813746367,-51.18584297170649,-52.56347231878249,25.32596631055982,-24.57541505897344,-24.39506419627219,9.195986282093605
-11.021681615350523,-16.568866499157807,7.396223208430497,2.710305729223043,12.49798936942959,12.8343635685277,-6.183812541582447,6.000551291616833,5.956515225510554,-2.2453735666433308
-4.773110045255787,-7.175404433338561,3.2030490922496853,1.1737399022533266,5.4124479990095535,5.558120059291535,-2.6779958621828888,2.598631737574287,2.579561236645219,-0.9723938234044396
9.219292540345059,13.859339495427871,-6.186709780950396,-2.2670861183904583,-10.454177881750546,-10.735544396656099,5.172566113332621,-5.0192737997178725,-4.98243900536178,1.8781848810086972
9.713402254824164,14.602133397561548,-6.5182876531193195,-2.38859102451588,-11.014471507932857,-11.310917914026982,5.449790765245812,-5.288282721304623,-5.249473759229853,1.9788465523064627
-33.06723853926305,-49.70989727101014,22.19014172775364,8.131456631602168,37.496455637451184,38.505645184764866,-18.55266841584322,18.002848190663016,17.870731227654478,-6.736567606393303
-26.208376437448486,-39.39898697009738,17.58742529742134,6.444816253185863,29.718877893282613,30.518739651358665,-14.704442803236766,14.268667211714796,14.163954170854465,-5.339257450090413
-6.109032150108709,-9.183692803577244,4.099534621536527,1.5022521439366394,6.927311233816123,7.113754724788997,-3.4275268461899975,3.3259498902425726,3.301541841362541,-1.2445523093793467
-5.478394869150652,-8.235657351071247,3.6763383928387956,1.3471741898373564,6.212202749607819,6.379399621261889,-3.0737021882769504,2.982611052952599,2.960722654518179,-1.116076789016748
0.43928561656790777,0.6603769724010746,-0.29478754565583465,-0.10802329126356103,-0.49812607164795253,-0.5115327687931952,0.24646510395345977,-0.23916095255500558,-0.23740582923300657,0.0894927240752823
-58.67116504083701,-88.20021615918971,39.37194410844846,14.42763457519038,66.52992007600373,68.32052398197017,-32.91797920414192,31.94243378216678,31.7080187997314,-11.952684508993968
7.010151093477164,10.538342664968585,-4.704240606983941,-1.723843360246263,-7.949131258005982,-8.163076283993773,3.9331076475532285,-3.8165474803597688,-3.788539097633718,1.4281312519086837
-37.814211687549125,-56.84601017228428,25.37565136180536,9.298769294884767,42.879265812408335,44.033329739750485,-21.215999939414267,20.587250176703556,20.436167140217492,-7.7036367343821
18.766897967108314,28.212230934638967,-12.593737610897154,-4.6149065864102585,-21.280644775967804,-21.853397690954036,10.529335092929166,-10.217291495640042,-10.142310164448407,3.8232547531175785
-18.94215392641007,-28.475692781405474,12.711345090303748,4.658003206976252,21.479375531647765,22.057477138875765,-10.627664008328795,10.312706370579548,10.237024821101922,-3.8589584789324127
-28.27105021663658,-42.49979932082633,18.97160569833259,6.952041625534262,32.05783812317983,32.92065127694025,-15.86172428079023,15.391651910588052,15.278697655540457,-5.759472199711445
-41.48786606990481,-62.36860564814368,27.840898385879147,10.202145645896096,47.044990700858555,48.31117205217954,-23.277136418933953,22.587303554973563,22.421542786642323,-8.452045800348628
-31.512888199700704,-47.373246279998,21.147077478874294,7.749231416107985,35.73390662740144,36.69565846340797,-17.680586327170676,17.15661081390049,17.03070410779231,-6.419910195341295
-22.311615648565066,-33.54099618943112,14.972460214026045,5.486576534410737,25.30016243639213,25.981097715262685,-12.51813048912646,12.147147664979762,12.05800375609841,-4.545396406354138
9.351387006927315,14.057916777775672,-6.275353256015057,-2.299569037247228,-10.603965844851052,-10.88936379270419,5.24667888918957,-5.09119019593836,-5.053827630878512,1.9050956042463003
-20.536551871504102,-30.872547237988748,13.781283734562392,5.050076398351279,23.287336355037233,23.914097899155234,-11.52221516242981,11.180746927608558,11.098695114884348,-4.183774521126781
37.313640011583345,56.09350201955509,-25.03973711782062,-9.175675348914915,-42.31164467225994,-43.450431493760114,20.93514974651022,-20.31472315935805,-20.16564010873467,7.601658610838915
-43.8961904820395,-65.98903373379504,29.457031525277017,10.794368836497558,49.775900007753805,51.11558177612294,-24.62834825971293,23.898471366402628,23.723088370110236,-8.942677644347611
8.385032878452607,12.605199025222586,-5.626870467088125,-2.0619360496262105,-9.50817265772428,-9.764078137245004,4.70449730675762,-4.565076512369229,-4.531574922047056,1.7082267332500845
-3.487998286269171,-5.243499129388265,2.340660416096532,0.8577222667754278,3.9552009415392924,4.061652268201227,-1.956972474836224,1.8989763406592637,1.8850403798437343,-0.710586589761234
-12.085737677839477,-18.168459325577743,8.110269977254866,2.9719642803430277,13.704571252446643,14.073419716208406,-6.780810663448161,6.579856991323148,6.531569591822945,-2.4621465999717245
20.37271840401882,30.62625679469766,-13.6713414465503,-5.009788645442002,-23.10155808576331,-23.723319544292384,11.43029493770154,-11.091550817682862,-11.01015358578001,4.150397823263303
-2.766699298813352,-4.159172159492114,1.8566246312297383,0.6803499885323734,3.1372869977316897,3.2217247716814925,-1.5522812597817273,1.5062784092663049,1.49522432900245,-0.5636411655871085
2.2172936141437427,3.3332519632045736,-1.4879397773561176,-0.5452474309740194,-2.5142907394346112,-2.5819610269326922,1.244032311767767,-1.2071646164876912,-1.19830563365938,0.45171441567967197
29.815539888539636,44.82162679472545,-20.00805283545553,-7.3318420364492844,-33.80920567073751,-34.71915559495936,16.728273954131968,-16.232520828695698,-16.113395714094533,6.074120762814077
-48.3086855285449,-72.62232653839926,32.418085873335315,11.879431082176627,54.7794301502938,56.25377825535203,-27.104017868082657,26.300772918434788,26.107760223667807,-9.841605783096313
46.58755407701664,70.03495391749576,-31.2631012865166,-11.456193268145945,-52.82776040194686,-54.24958075001164,26.13836175251776,-25.363734641070096,-25.177598561054122,9.490971170262133
-18.74365629412526,-28.17729178557692,12.578141025265376,4.609191302514286,21.25428997894069,21.826333573933105,-10.516295145496859,10.204637995411598,10.129749524083225,-3.8185198823435877
-34.9925490104688,-52.60421170324791,23.48214293841584,8.604903441513137,39.67965332377045,40.7476020323781,-19.63288098718989,19.051047969784438,18.911238614440133,-7.128798246916073
3.296361302844248,4.955411729889575,-2.212060266512556,-0.8105974420677137,-3.7378949926631835,-3.838497689409375,1.8494528400934125,-1.7946431192377315,-1.781472825510496,0.6715456673330047
11.704425128090666,17.595233120019213,-7.854385909056962,-2.878196956600931,-13.272183495341288,-13.629394560382579,6.566871864479825,-6.372258405847932,-6.325494503871424,2.3844643415182696
-3.474994317091932,-5.223950294938486,2.3319339565609507,0.8545245031860098,3.9404551455519465,4.046509599951562,-1.9496764822195813,1.8918965694622796,1.8780125647516708,-0.707937377992012
7.537635294120779,11.331308348962462,-5.058214802849568,-1.8535552772633421,-8.547269741974192,-8.777313225685631,4.229057351896313,-4.1037265254404325,-4.073610630454438,1.5355920843190112
-17.21224498360141,-25.87512497973937,11.550470269400492,4.232606948732104,19.517752584093945,20.043058551286432,-9.657083203178612,9.37088934996334,9.302119484856746,-3.5065356864365165
24.446431154361267,36.75025901794591,-16.405052130643927,-6.011542043134483,-27.720927472824904,-28.46701586362932,13.71588772431287,-13.309408596453931,-13.211735238073052,4.980308108003998
-43.87906815306315,-65.96329377932489,29.445541394153928,10.790158340500499,49.75648421504678,51.095643421623905,-24.618741624685693,23.889149430164558,23.713834844486545,-8.939189426648658
9.744003271901065,14.648135830255615,-6.53882280924201,-2.396116020682351,-11.049171402147563,-11.34655173039351,5.466959738165683,-5.304942880702611,-5.266011655214872,1.98508069308959
-48.03206514743157,-72.20648380898947,32.232456660469495,11.8114082676991,54.46575763613707,55.9316634759949,-26.94881754188166,26.15017205342112,25.9582645687132,-9.785251760777108
9.591822279338517,14.419362523470344,-6.436700045370345,-2.3586936898243582,-10.876606407652806,-11.169342275890045,5.381577238176933,-5.2220907458515295,-5.183767544845218,1.9540778760993405
-9.829659827226495,-14.776903116364501,6.596303602514956,2.417179544448153,11.146301291690763,11.446295799532948,-5.515018110705907,5.351577012555742,5.312303554560807,-2.0025309308890176
22.020137598826814,33.10281796381247,-14.776860595795412,-5.414900119166802,-24.96964213157975,-25.64168169934584,12.354594135739417,-11.988457816291085,-11.900478479851094,4.486015530460618
4.7605996395150125,7.156597571572529,-3.194653844000288,-1.1706635092365925,-5.398261877198729,-5.543552128437569,2.6709767877240216,-2.591820677887909,-2.572800161078632,0.9698451620169406
35.256029123468636,53.00030070035677,-23.658954226814444,-8.669694975574984,-39.97842548633607,-41.05441542813131,19.780708849043265,-19.194494858158944,-19.05363279342975,7.1824752901943025
-33.51197390626017,-50.37846683964713,22.48858638962925,8.240820053194893,38.000761430606914,39.02352399772873,-18.802191150767054,18.244976159333913,18.11108229905104,-6.827170571717206
-23.12824493499373,-34.76863296014804,15.520468466465084,5.687391175125482,26.22617577054031,26.932034017771684,-12.976307616671843,12.59174641954974,12.499339747099587,-4.71176283549685
-20.50122116277074,-30.819434671616964,13.757574665744782,5.041388339156732,23.247273246922294,23.872956521927794,-11.502392553921121,11.161511774814045,11.079601122529745,-4.176576831858545
-38.17141630223377,-57.38299497915352,25.61535752947487,9.386608315051745,43.2843164782543,44.4492820465957,-21.416412766901644,20.781723641536022,20.629213428456154,-7.776407644274736
-5.692090312986744,-8.556905179122023,3.8197411199721074,1.3997233385018601,6.454521796606908,6.628240507330544,-3.193597918510365,3.0989535963388537,3.07621139836459,-1.1596115342259932
12.565709685624551,18.89000004847864,-8.432360582597035,-3.0899926291890667,-14.24883348576746,-14.632330367560398,7.050103229222883,-6.841168899230503,-6.790963817855459,2.559928090729751
20.754849274481018,31.200713179744845,-13.92777465805171,-5.103757199758094,-23.53487377418931,-24.168297606028375,11.644692862787569,-11.299594922778866,-11.216670923830826,4.228246792729019
-15.571371341536686,-23.40840372374774,10.449343586822572,3.8291050705046414,17.65709084019634,18.132318463953304,-8.73645644574989,8.477545956831902,8.415332044137642,-3.172251460972916
-23.328930461619976,-35.07032301208643,15.65514074256875,5.7367410975392925,26.453742276805542,27.165725309314286,-13.088904017091998,12.701005953442358,12.607797461322065,-4.752647157183919
-32.631497937158606,-49.054849510015494,21.89773310385983,8.0243050832673,37.002349419998346,37.998240461588246,-18.308192273798127,17.765617255854835,17.635241252404843,-6.647797084432672
9.637554280761348,14.488111327215407,-6.467389018441435,-2.3699394969335517,-10.928464017731969,-11.222595595434283,5.407235584500086,-5.246988690628298,-5.208482771820096,1.9633945512427742
-57.349830044983214,-86.21385655354885,38.48524742245148,14.102709401839547,65.03159783190661,66.78187549579111,-32.17663244743536,31.223057311974955,30.993921596103117,-11.683497757288249
-33.78576175256542,-50.79005142654046,22.67231479820611,8.308146328288823,38.31122200386792,39.34234038916139,-18.955802258109983,18.394034903009455,18.25904714978722,-6.882947540642337
24.874769654279266,37.39417921717451,-16.692493490748667,-6.116873364695945,-28.206640107731406,-28.965801097153825,13.956210851062107,-13.542609593237616,-13.443224849683727,5.067570649134931
3.7584081874758564,5.650005659834935,-2.5221220166846603,-0.924217882422536,-4.261831108206669,-4.376535160461753,2.108688356024542,-2.0461960244225645,-2.0311796669215916,0.7656753924973363
-25.176938068299307,-37.84842824077065,16.895266997970758,6.1911786125057,28.54928270602062,29.317665669167724,-14.125745128452664,13.707119613605887,13.60652758529096,-5.129129401528045
17.584357215659487,26.434520370646602,-11.800180361103342,-4.324111852399104,-19.939707679768205,-20.47637025826571,9.865860082041827,-9.573478992145754,-9.503222388497651,3.5823436256283148
-22.36363662574166,-33.61919919475061,15.007369474894453,5.499368843007747,25.359151403995316,26.041674327577876,-12.547317321255772,12.175469526623223,12.086117772943783,-4.555994292515233
8.651813756100095,13.006250053598635,-5.805896770667216,-2.1275392639422654,-9.810687708436845,-10.074735158228991,4.854177091986875,-4.710320441182853,-4.6757529535889235,1.7625762192596701
15.720071679514723,23.631944571172166,-10.549130618351668,-3.865671484961573,-17.825708961109182,-18.30547481767296,8.819886093513027,-8.55850311348532,-8.495695082929398,3.2025451874567006
-18.58993261539517,-27.946199362521362,12.474983024518444,4.57138961473925,21.079975661974544,21.647327715229505,-10.43004710770693,10.12094597352709,10.046671690333977,-3.787202784206135
-19.188997192130316,-28.846771647468774,12.876992035523264,4.71870362825951,21.759282411428266,22.344917506621822,-10.766157618980737,10.44709563427245,10.370427846329003,-3.9092462084545763
-11.295521003261515,-16.980528568418563,7.579986204580631,2.7776446787449003,12.808508388076984,13.153239978361388,-6.337452566801904,6.149638096169087,6.104507931193918,-2.3011610357954773
32.863011226850574,49.40288286132774,-22.053092696528065,-8.081235760213138,-37.26487293813574,-38.267829607287595,18.438084864992767,-17.891660396817343,-17.76035940434253,6.694961740348425
33.64832947524096,50.5834498266092,-22.580089325305586,-8.274350805825726,-38.15538125279548,-39.1823052988013,18.878694656040118,-18.31921243417124,-18.184773778360878,6.854949380880744
-31.974367503623657,-48.06698696727883,21.456758347638605,7.8627122845444575,36.25719913719486,37.23303500653451,-17.939503396894864,17.407854710235938,17.280104208067996,-6.5139242910795
-24.38273721071139,-36.6545080712238,16.36230959455003,5.995879273475939,27.648701994135283,28.39284648925933,-13.68015167047728,13.274731603489075,13.177312728118231,-4.96733216636298
-25.13205452463308,-37.780954921456186,16.865147392004417,6.180141446872372,28.498387201035086,29.265400349068646,-14.100562816903459,13.682683596007289,13.582270895563106,-5.119985577015364
-6.870076087290323,-10.327768257325925,4.610241701205596,1.6893979729597814,7.790293795689196,7.999963828108468,-3.854517318940034,3.740286226530128,3.71283749998428,-1.3995947066503582
14.501485639800743,21.80004721517907,-9.73138477312155,-3.566012971837026,-16.443898462349267,-16.88647390483229,8.136187552912336,-7.895066417548842,-7.83712713000998,2.954290794184851
-5.672368880455169,-8.527257998755942,3.8065068312234356,1.394873705438207,6.432158761388546,6.605275587453885,-3.182533033306564,3.0882166261032893,3.065553223211028,-1.1555938185226906
7.9588792859116175,11.96456339180763,-5.340895313612644,-1.9571420115019191,-9.024937589320247,-9.267837152104605,4.4654000417336315,-4.333065048112495,-4.301266113376609,1.6214093087030976
57.50533169962689,86.44762180336343,-38.589598553899805,-14.140948305864631,-65.20792827715904,-66.96295174539216,32.26387803443208,-31.307717320055854,-31.07796031231744,11.715177070581047
3.809134348501086,5.726262171261599,-2.5561623766354398,-0.936691787008626,-4.319351824497581,-4.435604004559622,2.1371487200308152,-2.0738129472916516,-2.0585939183056627,0.7760094944137483
-13.034047797006574,-19.59405156391606,8.746644131123043,3.205160124566928,14.779903511343134,15.177693752590748,-7.312868493901871,7.096146946795644,7.044070665657028,-2.6553394854922576
4.438550394460983,6.672461744238947,-2.9785390818746365,-1.0914694311980646,-5.033075494431863,-5.168537022554204,2.490288193181545,-2.416486905709095,-2.3987531056041926,0.9042362207284678
-31.107094597793473,-46.76321776975243,20.87476512573222,7.649444036784721,35.27375868448175,36.223125976767626,-17.452912216055644,16.93568397106165,16.811398574160428,-6.337240575673957
-3.8866971990580668,-5.842862211166835,2.6082117984407818,0.9557650142688545,4.407303891664328,4.525923236978128,-2.180666047492632,2.116040610849172,2.1005116869729474,-0.791810855809608
16.903856986368773,25.411526072203,-11.343523041025039,-4.156772263527703,-19.16805731566001,-19.68395149169388,9.48405937328457,-9.202993192217663,-9.135455461617083,3.443709859904582
15.298509719549402,22.998211527562866,-10.266236731474688,-3.762006560207687,-17.34768055509312,-17.81458062841234,8.583365004802122,-8.328991478904673,-8.267867758509839,3.1166631855405718
29.098310619448156,43.74341782230203,-19.526748080795247,-7.155470529357506,-32.995906566899805,-33.88396714343588,16.325866090778277,-15.842038580411716,-15.725779086194931,5.928004435175108
8.880434269743516,13.349934701887761,-5.959315133485612,-2.1837585877778087,-10.069930975378021,-10.340955767181839,4.982446665439456,-4.83478866357483,-4.799307744763839,1.8091515492358496
0.254070733854423,0.38194390089383745,-0.1704970188668673,-0.06247770436722311,-0.28810243677999736,-0.29585650213926584,0.1425486459588754,-0.13832412542826633,-0.13730901031043974,0.05176013332301821
12.64884004727329,19.01496971393026,-8.488146145237064,-3.110434944918378,-14.343098808648469,-14.729132772331106,7.09674425832263,-6.8864276915248785,-6.8358904708058805,2.57686368396732
10.092100613166906,15.171429695695595,-6.772417438819917,-2.4817155009872556,-11.443894913722065,-11.75189893519947,5.662262848864624,-5.4944580584802,-5.45413604363142,2.055996239008511
-17.44668017841785,-26.227550823741957,11.707790639312037,4.290256141824161,19.783589384220264,20.31605015352453,-9.788615155242542,9.498523268284556,9.428816739962969,-3.55429560256389
-3.6535104695086247,-5.4923131818881465,2.4517292251654412,0.8984228271931147,4.142882783460472,4.254385428970198,-2.0498345579756325,1.9890863964181391,1.9744891476343231,-0.7443052811708748
-4.911797026414739,-7.38389222641667,3.296116548247181,1.2078439648385009,5.569711516201785,5.719616208475929,-2.7558074270034867,2.674137306775696,2.6545126953865825,-1.00064759559635
